feature_order,feature,feature_group,data_split,paired_n,pearson_r,pearson_p,spearman_rho,spearman_p,pearson_fdr_q,spearman_fdr_q,pearson_fdr_significant_0_05,spearman_fdr_significant_0_05,selection_rule,primary_correlation
1,observed_pm25_median_lag1,LAGGED_OBSERVED_PM25,TRAIN,3657,0.9324591003725986,0.0,0.929162053009709,0.0,0.0,0.0,True,True,ALL_PRE_SPECIFIED_NUMERIC_FEATURES; NO_P_VALUE_SELECTION,SPEARMAN
2,observed_pm25_median_lag2,LAGGED_OBSERVED_PM25,TRAIN,3657,0.8656354280364931,0.0,0.8542301916457202,0.0,0.0,0.0,True,True,ALL_PRE_SPECIFIED_NUMERIC_FEATURES; NO_P_VALUE_SELECTION,SPEARMAN
3,observed_pm25_median_lag3,LAGGED_OBSERVED_PM25,TRAIN,3657,0.8421130146407451,0.0,0.8071855350396583,0.0,0.0,0.0,True,True,ALL_PRE_SPECIFIED_NUMERIC_FEATURES; NO_P_VALUE_SELECTION,SPEARMAN
4,temperature_mean_c_lag1,PRIOR_DAY_WEATHER,TRAIN,3657,0.007520046299050067,0.649388592508677,-0.24034155106019547,3.269714112262933e-49,0.649388592508677,3.9236569347155196e-49,False,True,ALL_PRE_SPECIFIED_NUMERIC_FEATURES; NO_P_VALUE_SELECTION,SPEARMAN
5,relative_humidity_mean_pct_lag1,PRIOR_DAY_WEATHER,TRAIN,3657,-0.5796476189062693,0.0,-0.6128996114921392,0.0,0.0,0.0,True,True,ALL_PRE_SPECIFIED_NUMERIC_FEATURES; NO_P_VALUE_SELECTION,SPEARMAN
6,precipitation_mm_lag1,PRIOR_DAY_WEATHER,TRAIN,3657,-0.24510695104965258,3.58968345225752e-51,-0.6865501437292929,0.0,4.786244603010027e-51,0.0,True,True,ALL_PRE_SPECIFIED_NUMERIC_FEATURES; NO_P_VALUE_SELECTION,SPEARMAN
7,wind_speed_mean_kmh_lag1,PRIOR_DAY_WEATHER,TRAIN,3657,0.16962443265857519,5.20205077413611e-25,0.11826823441337467,7.241366773054154e-13,6.242460928963332e-25,7.899672843331804e-13,True,True,ALL_PRE_SPECIFIED_NUMERIC_FEATURES; NO_P_VALUE_SELECTION,SPEARMAN
8,wind_direction_sin_lag1,PRIOR_DAY_WEATHER,TRAIN,3657,-0.12052697312680194,2.6158545923088196e-13,0.029866120038281704,0.07093657418204968,2.9895481054957936e-13,0.07093657418204968,True,False,ALL_PRE_SPECIFIED_NUMERIC_FEATURES; NO_P_VALUE_SELECTION,SPEARMAN
9,wind_direction_cos_lag1,PRIOR_DAY_WEATHER,TRAIN,3657,-0.035981567314015604,0.029564321575708957,0.10905737777877597,3.77838492466232e-11,0.030849726861609347,3.942662530082421e-11,True,True,ALL_PRE_SPECIFIED_NUMERIC_FEATURES; NO_P_VALUE_SELECTION,SPEARMAN
10,surface_pressure_mean_hpa_lag1,PRIOR_DAY_WEATHER,TRAIN,3657,0.06118658536522243,0.00021361271363020678,0.20664076276880716,1.4710244025127165e-36,0.00023303205123295287,1.6811707457288186e-36,True,True,ALL_PRE_SPECIFIED_NUMERIC_FEATURES; NO_P_VALUE_SELECTION,SPEARMAN
11,hotspot_count_thailand_000_050km_lag1,LAGGED_THAI_HOTSPOTS,TRAIN,3657,0.76444638412636,0.0,0.6837458988141497,0.0,0.0,0.0,True,True,ALL_PRE_SPECIFIED_NUMERIC_FEATURES; NO_P_VALUE_SELECTION,SPEARMAN
12,hotspot_count_thailand_000_050km_lag2,LAGGED_THAI_HOTSPOTS,TRAIN,3657,0.7285816161026639,0.0,0.667085304643491,0.0,0.0,0.0,True,True,ALL_PRE_SPECIFIED_NUMERIC_FEATURES; NO_P_VALUE_SELECTION,SPEARMAN
13,hotspot_count_thailand_000_050km_lag3,LAGGED_THAI_HOTSPOTS,TRAIN,3657,0.6696511224057585,0.0,0.640870862753853,0.0,0.0,0.0,True,True,ALL_PRE_SPECIFIED_NUMERIC_FEATURES; NO_P_VALUE_SELECTION,SPEARMAN
14,hotspot_count_thailand_050_100km_lag1,LAGGED_THAI_HOTSPOTS,TRAIN,3657,0.6697785501720288,0.0,0.7147498704257754,0.0,0.0,0.0,True,True,ALL_PRE_SPECIFIED_NUMERIC_FEATURES; NO_P_VALUE_SELECTION,SPEARMAN
15,hotspot_count_thailand_050_100km_lag2,LAGGED_THAI_HOTSPOTS,TRAIN,3657,0.6119861379856132,0.0,0.696689078679578,0.0,0.0,0.0,True,True,ALL_PRE_SPECIFIED_NUMERIC_FEATURES; NO_P_VALUE_SELECTION,SPEARMAN
16,hotspot_count_thailand_050_100km_lag3,LAGGED_THAI_HOTSPOTS,TRAIN,3657,0.5678131879961448,2.857951299859e-311,0.6686448576930765,0.0,4.2869269497884e-311,0.0,True,True,ALL_PRE_SPECIFIED_NUMERIC_FEATURES; NO_P_VALUE_SELECTION,SPEARMAN
17,hotspot_count_thailand_100_300km_lag1,LAGGED_THAI_HOTSPOTS,TRAIN,3657,0.698735623237084,0.0,0.7689973778497614,0.0,0.0,0.0,True,True,ALL_PRE_SPECIFIED_NUMERIC_FEATURES; NO_P_VALUE_SELECTION,SPEARMAN
18,hotspot_count_thailand_100_300km_lag2,LAGGED_THAI_HOTSPOTS,TRAIN,3657,0.6485135013002412,0.0,0.7527890829402343,0.0,0.0,0.0,True,True,ALL_PRE_SPECIFIED_NUMERIC_FEATURES; NO_P_VALUE_SELECTION,SPEARMAN
19,hotspot_count_thailand_100_300km_lag3,LAGGED_THAI_HOTSPOTS,TRAIN,3657,0.6334640658812707,0.0,0.726226802618481,0.0,0.0,0.0,True,True,ALL_PRE_SPECIFIED_NUMERIC_FEATURES; NO_P_VALUE_SELECTION,SPEARMAN
20,hotspot_count_thailand_300_500km_lag1,LAGGED_THAI_HOTSPOTS,TRAIN,3657,0.7430207060266991,0.0,0.7406288625291612,0.0,0.0,0.0,True,True,ALL_PRE_SPECIFIED_NUMERIC_FEATURES; NO_P_VALUE_SELECTION,SPEARMAN
21,hotspot_count_thailand_300_500km_lag2,LAGGED_THAI_HOTSPOTS,TRAIN,3657,0.7031798920989644,0.0,0.7385563495251791,0.0,0.0,0.0,True,True,ALL_PRE_SPECIFIED_NUMERIC_FEATURES; NO_P_VALUE_SELECTION,SPEARMAN
22,hotspot_count_thailand_300_500km_lag3,LAGGED_THAI_HOTSPOTS,TRAIN,3657,0.6813704719685274,0.0,0.7179816460058345,0.0,0.0,0.0,True,True,ALL_PRE_SPECIFIED_NUMERIC_FEATURES; NO_P_VALUE_SELECTION,SPEARMAN
23,target_day_of_year_sin,CALENDAR,TRAIN,3657,0.4773257973877021,1.6843286882589355e-207,0.5450206871367046,4.3746711334475154e-282,2.3778757951890855e-207,5.832894844596687e-282,True,True,ALL_PRE_SPECIFIED_NUMERIC_FEATURES; NO_P_VALUE_SELECTION,SPEARMAN
24,target_day_of_year_cos,CALENDAR,TRAIN,3657,0.20514296879470867,4.807522096425689e-36,0.5358837176373302,5.265592983023947e-271,6.072659490221923e-36,6.651275346977617e-271,True,True,ALL_PRE_SPECIFIED_NUMERIC_FEATURES; NO_P_VALUE_SELECTION,SPEARMAN
