province_key,province_name_th,province_name_en,month_start,year_month,month_end,year_ce,month,days_in_month,all_diagnosis_record_count,respiratory_record_count_any_position,respiratory_record_count_principal,active_reporting_facility_count,respiratory_matched,pm25_monthly_mean_ugm3,pm25_monthly_median_ugm3,pm25_days_observed,observed_pm25_monthly_matched,male_population,female_population,total_population,population_matched,hospital_count_with_bed_data,opened_beds_total,hospital_capacity_matched,diagnosis_data_available,pm25_day_coverage_pct,population_available,opened_beds_per_1000_population,respiratory_records_per_active_facility,active_reporting_facility_count_prev_month,active_reporting_facility_change_pct,reporting_change_flag,diagtype_policy_review_flag,at2_model_eligible,at2_qc_status,at2_qc_reason
50,เชียงใหม่,Chiang Mai,2023-01-01,2023-01,2023-01-31,2023,1,31,24668.0,4132.0,2884.0,2.0,True,34.517391304347825,36.1,23,True,865666,931409,1797075,True,54,5778.0,True,True,74.19354838709677,True,3.21522474020283,2066.0,,,False,False,False,REVIEW,PM25_COVERAGE_BELOW_75_PCT
50,เชียงใหม่,Chiang Mai,2023-02-01,2023-02,2023-02-28,2023,2,28,23698.0,3937.0,2774.0,2.0,True,69.6,69.6,2,True,865666,931409,1797075,True,54,5778.0,True,True,7.142857142857143,True,3.21522474020283,1968.5,2.0,0.0,False,False,False,REVIEW,PM25_COVERAGE_BELOW_75_PCT
50,เชียงใหม่,Chiang Mai,2023-03-01,2023-03,2023-03-31,2023,3,31,25976.0,4381.0,3067.0,2.0,True,104.78888888888889,110.5,9,True,865666,931409,1797075,True,54,5778.0,True,True,29.032258064516128,True,3.21522474020283,2190.5,2.0,0.0,False,False,False,REVIEW,PM25_COVERAGE_BELOW_75_PCT
50,เชียงใหม่,Chiang Mai,2023-04-01,2023-04,2023-04-30,2023,4,30,20494.0,3419.0,2220.0,2.0,True,117.60526315789474,115.0,19,True,865666,931409,1797075,True,54,5778.0,True,True,63.333333333333336,True,3.21522474020283,1709.5,2.0,0.0,False,False,False,REVIEW,PM25_COVERAGE_BELOW_75_PCT
50,เชียงใหม่,Chiang Mai,2023-05-01,2023-05,2023-05-31,2023,5,31,23603.0,3493.0,2175.0,2.0,True,29.54666666666667,27.5,15,True,865666,931409,1797075,True,54,5778.0,True,True,48.38709677419355,True,3.21522474020283,1746.5,2.0,0.0,False,False,False,REVIEW,PM25_COVERAGE_BELOW_75_PCT
50,เชียงใหม่,Chiang Mai,2023-06-01,2023-06,2023-06-30,2023,6,30,24175.0,3720.0,2509.0,2.0,True,12.6695,12.232499999999998,10,True,865666,931409,1797075,True,54,5778.0,True,True,33.333333333333336,True,3.21522474020283,1860.0,2.0,0.0,False,False,False,REVIEW,PM25_COVERAGE_BELOW_75_PCT
50,เชียงใหม่,Chiang Mai,2023-07-01,2023-07,2023-07-31,2023,7,31,23722.0,3829.0,2660.0,2.0,True,7.4921875,6.88,16,True,865666,931409,1797075,True,54,5778.0,True,True,51.61290322580645,True,3.21522474020283,1914.5,2.0,0.0,False,False,False,REVIEW,PM25_COVERAGE_BELOW_75_PCT
50,เชียงใหม่,Chiang Mai,2023-08-01,2023-08,2023-08-31,2023,8,31,26017.0,4852.0,3580.0,2.0,True,12.574838709677419,12.9,31,True,865666,931409,1797075,True,54,5778.0,True,True,100.0,True,3.21522474020283,2426.0,2.0,0.0,False,False,True,PASS,
50,เชียงใหม่,Chiang Mai,2023-09-01,2023-09,2023-09-30,2023,9,30,26754.0,6287.0,5008.0,2.0,True,7.776166666666667,6.2125,30,True,865666,931409,1797075,True,54,5778.0,True,True,100.0,True,3.21522474020283,3143.5,2.0,0.0,False,False,True,PASS,
50,เชียงใหม่,Chiang Mai,2023-10-01,2023-10,2023-10-31,2023,10,31,26004.0,5076.0,3793.0,2.0,True,10.973225806451614,9.64,31,True,865666,931409,1797075,True,54,5778.0,True,True,100.0,True,3.21522474020283,2538.0,2.0,0.0,False,False,True,PASS,
50,เชียงใหม่,Chiang Mai,2023-11-01,2023-11,2023-11-30,2023,11,30,27370.0,5095.0,3853.0,2.0,True,23.435344827586206,20.799999999999997,29,True,865666,931409,1797075,True,54,5778.0,True,True,96.66666666666667,True,3.21522474020283,2547.5,2.0,0.0,False,False,True,PASS,
50,เชียงใหม่,Chiang Mai,2023-12-01,2023-12,2023-12-31,2023,12,31,25595.0,4790.0,3559.0,2.0,True,35.068333333333335,35.7,30,True,865666,931409,1797075,True,54,5778.0,True,True,96.7741935483871,True,3.21522474020283,2395.0,2.0,0.0,False,False,True,PASS,
50,เชียงใหม่,Chiang Mai,2024-01-01,2024-01,2024-01-31,2024,1,31,25386.0,4643.0,3476.0,2.0,True,30.967741935483872,30.95,31,True,865486,933533,1799019,True,54,5778.0,True,True,100.0,True,3.211750403970164,2321.5,2.0,0.0,False,False,True,PASS,
50,เชียงใหม่,Chiang Mai,2024-02-01,2024-02,2024-02-29,2024,2,29,23667.0,4511.0,3277.0,2.0,True,39.70769230769231,39.900000000000006,26,True,865486,933533,1799019,True,54,5778.0,True,True,89.65517241379311,True,3.211750403970164,2255.5,2.0,0.0,False,False,True,PASS,
50,เชียงใหม่,Chiang Mai,2024-03-01,2024-03,2024-03-31,2024,3,31,,,,,False,85.40862068965517,71.1,29,True,865486,933533,1799019,True,54,5778.0,True,False,93.54838709677419,True,3.211750403970164,,2.0,,False,False,False,REVIEW,DIAGNOSIS_DATA_MISSING
50,เชียงใหม่,Chiang Mai,2024-04-01,2024-04,2024-04-30,2024,4,30,,,,,False,92.78,83.675,30,True,865486,933533,1799019,True,54,5778.0,True,False,100.0,True,3.211750403970164,,,,False,False,False,REVIEW,DIAGNOSIS_DATA_MISSING
50,เชียงใหม่,Chiang Mai,2024-05-01,2024-05,2024-05-31,2024,5,31,,,,,False,38.7208064516129,29.8,31,True,865486,933533,1799019,True,54,5778.0,True,False,100.0,True,3.211750403970164,,,,False,False,False,REVIEW,DIAGNOSIS_DATA_MISSING
50,เชียงใหม่,Chiang Mai,2024-06-01,2024-06,2024-06-30,2024,6,30,,,,,False,10.893,9.295,30,True,865486,933533,1799019,True,54,5778.0,True,False,100.0,True,3.211750403970164,,,,False,False,False,REVIEW,DIAGNOSIS_DATA_MISSING
50,เชียงใหม่,Chiang Mai,2024-07-01,2024-07,2024-07-31,2024,7,31,,,,,False,10.333548387096773,9.93,31,True,865486,933533,1799019,True,54,5778.0,True,False,100.0,True,3.211750403970164,,,,False,False,False,REVIEW,DIAGNOSIS_DATA_MISSING
50,เชียงใหม่,Chiang Mai,2024-08-01,2024-08,2024-08-31,2024,8,31,,,,,False,9.2545,8.91,30,True,865486,933533,1799019,True,54,5778.0,True,False,96.7741935483871,True,3.211750403970164,,,,False,False,False,REVIEW,DIAGNOSIS_DATA_MISSING
50,เชียงใหม่,Chiang Mai,2024-09-01,2024-09,2024-09-30,2024,9,30,,,,,False,10.73267857142857,10.2075,28,True,865486,933533,1799019,True,54,5778.0,True,False,93.33333333333333,True,3.211750403970164,,,,False,False,False,REVIEW,DIAGNOSIS_DATA_MISSING
50,เชียงใหม่,Chiang Mai,2024-10-01,2024-10,2024-10-31,2024,10,31,,,,,False,21.99790322580645,22.25,31,True,865486,933533,1799019,True,54,5778.0,True,False,100.0,True,3.211750403970164,,,,False,False,False,REVIEW,DIAGNOSIS_DATA_MISSING
50,เชียงใหม่,Chiang Mai,2024-11-01,2024-11,2024-11-30,2024,11,30,,,,,False,26.3075,29.65,30,True,865486,933533,1799019,True,54,5778.0,True,False,100.0,True,3.211750403970164,,,,False,False,False,REVIEW,DIAGNOSIS_DATA_MISSING
50,เชียงใหม่,Chiang Mai,2024-12-01,2024-12,2024-12-31,2024,12,31,,,,,False,35.306451612903224,37.2,31,True,865486,933533,1799019,True,54,5778.0,True,False,100.0,True,3.211750403970164,,,,False,False,False,REVIEW,DIAGNOSIS_DATA_MISSING
50,เชียงใหม่,Chiang Mai,2025-01-01,2025-01,2025-01-31,2025,1,31,149309.0,34163.0,29368.0,25.0,True,34.57333333333334,33.7,15,True,863853,934735,1798588,True,54,5778.0,True,True,48.38709677419355,True,3.2125200435007906,1366.52,,,False,False,False,REVIEW,PM25_COVERAGE_BELOW_75_PCT
50,เชียงใหม่,Chiang Mai,2025-02-01,2025-02,2025-02-28,2025,2,28,121189.0,29524.0,25660.0,25.0,True,33.63928571428571,34.3,28,True,863853,934735,1798588,True,54,5778.0,True,True,100.0,True,3.2125200435007906,1180.96,25.0,0.0,False,False,True,PASS,
50,เชียงใหม่,Chiang Mai,2025-03-01,2025-03,2025-03-31,2025,3,31,130905.0,26807.0,22930.0,25.0,True,61.77258064516129,58.1,31,True,863853,934735,1798588,True,54,5778.0,True,True,100.0,True,3.2125200435007906,1072.28,25.0,0.0,False,False,True,PASS,
50,เชียงใหม่,Chiang Mai,2025-04-01,2025-04,2025-04-30,2025,4,30,115777.0,20364.0,16958.0,25.0,True,36.175333333333334,38.125,30,True,863853,934735,1798588,True,54,5778.0,True,True,100.0,True,3.2125200435007906,814.56,25.0,0.0,False,True,False,REVIEW,DIAGTYPE_POLICY_REVIEW_PERIOD
50,เชียงใหม่,Chiang Mai,2025-05-01,2025-05,2025-05-31,2025,5,31,110511.0,18478.0,15344.0,25.0,True,12.691451612903226,10.4,31,True,863853,934735,1798588,True,54,5778.0,True,True,100.0,True,3.2125200435007906,739.12,25.0,0.0,False,True,False,REVIEW,DIAGTYPE_POLICY_REVIEW_PERIOD
50,เชียงใหม่,Chiang Mai,2025-06-01,2025-06,2025-06-30,2025,6,30,112845.0,22592.0,19264.0,25.0,True,9.937666666666667,7.9475,30,True,863853,934735,1798588,True,54,5778.0,True,True,100.0,True,3.2125200435007906,903.68,25.0,0.0,False,True,False,REVIEW,DIAGTYPE_POLICY_REVIEW_PERIOD
50,เชียงใหม่,Chiang Mai,2025-07-01,2025-07,2025-07-31,2025,7,31,87847.0,15270.0,12798.0,25.0,True,9.588870967741935,8.955,31,True,863853,934735,1798588,True,54,5778.0,True,True,100.0,True,3.2125200435007906,610.8,25.0,0.0,False,True,False,REVIEW,DIAGTYPE_POLICY_REVIEW_PERIOD
50,เชียงใหม่,Chiang Mai,2025-08-01,2025-08,2025-08-31,2025,8,31,66399.0,10947.0,9381.0,24.0,True,9.336129032258064,8.59,31,True,863853,934735,1798588,True,54,5778.0,True,True,100.0,True,3.2125200435007906,456.125,25.0,-4.0,False,True,False,REVIEW,DIAGTYPE_POLICY_REVIEW_PERIOD
50,เชียงใหม่,Chiang Mai,2025-09-01,2025-09,2025-09-30,2025,9,30,87998.0,18590.0,16100.0,25.0,True,8.5985,7.95,30,True,863853,934735,1798588,True,54,5778.0,True,True,100.0,True,3.2125200435007906,743.6,24.0,4.166666666666667,False,True,False,REVIEW,DIAGTYPE_POLICY_REVIEW_PERIOD
50,เชียงใหม่,Chiang Mai,2025-10-01,2025-10,2025-10-31,2025,10,31,108671.0,21055.0,17994.0,25.0,True,13.733387096774194,13.45,31,True,863853,934735,1798588,True,54,5778.0,True,True,100.0,True,3.2125200435007906,842.2,25.0,0.0,False,True,False,REVIEW,DIAGTYPE_POLICY_REVIEW_PERIOD
50,เชียงใหม่,Chiang Mai,2025-11-01,2025-11,2025-11-30,2025,11,30,105416.0,23333.0,19881.0,25.0,True,14.009655172413792,10.6,29,True,863853,934735,1798588,True,54,5778.0,True,True,96.66666666666667,True,3.2125200435007906,933.32,25.0,0.0,False,True,False,REVIEW,DIAGTYPE_POLICY_REVIEW_PERIOD
50,เชียงใหม่,Chiang Mai,2025-12-01,2025-12,2025-12-31,2025,12,31,51951.0,13020.0,10913.0,24.0,True,30.720967741935485,30.85,31,True,863853,934735,1798588,True,54,5778.0,True,True,100.0,True,3.2125200435007906,542.5,25.0,-4.0,False,True,False,REVIEW,DIAGTYPE_POLICY_REVIEW_PERIOD
51,ลำพูน,Lamphun,2023-01-01,2023-01,2023-01-31,2023,1,31,5903.0,1258.0,1172.0,1.0,True,46.64565217391304,48.45,23,True,190822,207618,398440,True,11,900.0,True,True,74.19354838709677,True,2.2588093564903122,1258.0,,,False,False,False,REVIEW,PM25_COVERAGE_BELOW_75_PCT
51,ลำพูน,Lamphun,2023-02-01,2023-02,2023-02-28,2023,2,28,5054.0,1032.0,962.0,1.0,True,117.95,117.95,2,True,190822,207618,398440,True,11,900.0,True,True,7.142857142857143,True,2.2588093564903122,1032.0,1.0,0.0,False,False,False,REVIEW,PM25_COVERAGE_BELOW_75_PCT
51,ลำพูน,Lamphun,2023-03-01,2023-03,2023-03-31,2023,3,31,5757.0,932.0,884.0,1.0,True,99.67777777777778,101.0,9,True,190822,207618,398440,True,11,900.0,True,True,29.032258064516128,True,2.2588093564903122,932.0,1.0,0.0,False,False,False,REVIEW,PM25_COVERAGE_BELOW_75_PCT
51,ลำพูน,Lamphun,2023-04-01,2023-04,2023-04-30,2023,4,30,4440.0,658.0,604.0,1.0,True,89.9235294117647,82.6,17,True,190822,207618,398440,True,11,900.0,True,True,56.666666666666664,True,2.2588093564903122,658.0,1.0,0.0,False,False,False,REVIEW,PM25_COVERAGE_BELOW_75_PCT
51,ลำพูน,Lamphun,2023-05-01,2023-05,2023-05-31,2023,5,31,2094.0,278.0,267.0,1.0,True,28.86,28.7,15,True,190822,207618,398440,True,11,900.0,True,True,48.38709677419355,True,2.2588093564903122,278.0,1.0,0.0,False,False,False,REVIEW,PM25_COVERAGE_BELOW_75_PCT
51,ลำพูน,Lamphun,2023-06-01,2023-06,2023-06-30,2023,6,30,4464.0,700.0,608.0,1.0,True,10.202727272727273,9.6,11,True,190822,207618,398440,True,11,900.0,True,True,36.666666666666664,True,2.2588093564903122,700.0,1.0,0.0,False,False,False,REVIEW,PM25_COVERAGE_BELOW_75_PCT
51,ลำพูน,Lamphun,2023-07-01,2023-07,2023-07-31,2023,7,31,4633.0,686.0,603.0,1.0,True,7.118,6.61,5,True,190822,207618,398440,True,11,900.0,True,True,16.129032258064516,True,2.2588093564903122,686.0,1.0,0.0,False,False,False,REVIEW,PM25_COVERAGE_BELOW_75_PCT
51,ลำพูน,Lamphun,2023-08-01,2023-08,2023-08-31,2023,8,31,4131.0,806.0,735.0,1.0,True,12.986666666666666,13.3,3,True,190822,207618,398440,True,11,900.0,True,True,9.67741935483871,True,2.2588093564903122,806.0,1.0,0.0,False,False,False,REVIEW,PM25_COVERAGE_BELOW_75_PCT
51,ลำพูน,Lamphun,2023-09-01,2023-09,2023-09-30,2023,9,30,5746.0,1587.0,1500.0,1.0,True,5.202,5.06,5,True,190822,207618,398440,True,11,900.0,True,True,16.666666666666668,True,2.2588093564903122,1587.0,1.0,0.0,False,False,False,REVIEW,PM25_COVERAGE_BELOW_75_PCT
51,ลำพูน,Lamphun,2023-10-01,2023-10,2023-10-31,2023,10,31,5809.0,1355.0,1291.0,1.0,True,12.573333333333332,10.1,3,True,190822,207618,398440,True,11,900.0,True,True,9.67741935483871,True,2.2588093564903122,1355.0,1.0,0.0,False,False,False,REVIEW,PM25_COVERAGE_BELOW_75_PCT
51,ลำพูน,Lamphun,2023-11-01,2023-11,2023-11-30,2023,11,30,6137.0,1299.0,1227.0,1.0,True,22.194444444444443,20.7,18,True,190822,207618,398440,True,11,900.0,True,True,60.0,True,2.2588093564903122,1299.0,1.0,0.0,False,False,False,REVIEW,PM25_COVERAGE_BELOW_75_PCT
51,ลำพูน,Lamphun,2023-12-01,2023-12,2023-12-31,2023,12,31,5773.0,1330.0,1262.0,1.0,True,27.85666666666667,27.4,30,True,190822,207618,398440,True,11,900.0,True,True,96.7741935483871,True,2.2588093564903122,1330.0,1.0,0.0,False,False,True,PASS,
51,ลำพูน,Lamphun,2024-01-01,2024-01,2024-01-31,2024,1,31,6174.0,1210.0,1154.0,1.0,True,23.901666666666664,24.174999999999997,30,True,189647,207106,396753,True,11,900.0,True,True,96.7741935483871,True,2.268413849422689,1210.0,1.0,0.0,False,False,True,PASS,
51,ลำพูน,Lamphun,2024-02-01,2024-02,2024-02-29,2024,2,29,5799.0,1083.0,1038.0,1.0,True,38.25416666666667,36.95,24,True,189647,207106,396753,True,11,900.0,True,True,82.75862068965517,True,2.268413849422689,1083.0,1.0,0.0,False,False,True,PASS,
51,ลำพูน,Lamphun,2024-03-01,2024-03,2024-03-31,2024,3,31,,,,,False,61.63965517241379,62.8,29,True,189647,207106,396753,True,11,900.0,True,False,93.54838709677419,True,2.268413849422689,,1.0,,False,False,False,REVIEW,DIAGNOSIS_DATA_MISSING
51,ลำพูน,Lamphun,2024-04-01,2024-04,2024-04-30,2024,4,30,,,,,False,63.809999999999995,54.9,30,True,189647,207106,396753,True,11,900.0,True,False,100.0,True,2.268413849422689,,,,False,False,False,REVIEW,DIAGNOSIS_DATA_MISSING
51,ลำพูน,Lamphun,2024-05-01,2024-05,2024-05-31,2024,5,31,,,,,False,26.56709677419355,19.549999999999997,31,True,189647,207106,396753,True,11,900.0,True,False,100.0,True,2.268413849422689,,,,False,False,False,REVIEW,DIAGNOSIS_DATA_MISSING
51,ลำพูน,Lamphun,2024-06-01,2024-06,2024-06-30,2024,6,30,,,,,False,9.195,8.747499999999999,30,True,189647,207106,396753,True,11,900.0,True,False,100.0,True,2.268413849422689,,,,False,False,False,REVIEW,DIAGNOSIS_DATA_MISSING
51,ลำพูน,Lamphun,2024-07-01,2024-07,2024-07-31,2024,7,31,,,,,False,10.216290322580644,10.025,31,True,189647,207106,396753,True,11,900.0,True,False,100.0,True,2.268413849422689,,,,False,False,False,REVIEW,DIAGNOSIS_DATA_MISSING
51,ลำพูน,Lamphun,2024-08-01,2024-08,2024-08-31,2024,8,31,,,,,False,9.2645,9.0625,30,True,189647,207106,396753,True,11,900.0,True,False,96.7741935483871,True,2.268413849422689,,,,False,False,False,REVIEW,DIAGNOSIS_DATA_MISSING
51,ลำพูน,Lamphun,2024-09-01,2024-09,2024-09-30,2024,9,30,,,,,False,10.35375,8.32,28,True,189647,207106,396753,True,11,900.0,True,False,93.33333333333333,True,2.268413849422689,,,,False,False,False,REVIEW,DIAGNOSIS_DATA_MISSING
51,ลำพูน,Lamphun,2024-10-01,2024-10,2024-10-31,2024,10,31,,,,,False,24.37709677419355,25.8,31,True,189647,207106,396753,True,11,900.0,True,False,100.0,True,2.268413849422689,,,,False,False,False,REVIEW,DIAGNOSIS_DATA_MISSING
51,ลำพูน,Lamphun,2024-11-01,2024-11,2024-11-30,2024,11,30,,,,,False,36.230333333333334,37.75,30,True,189647,207106,396753,True,11,900.0,True,False,100.0,True,2.268413849422689,,,,False,False,False,REVIEW,DIAGNOSIS_DATA_MISSING
51,ลำพูน,Lamphun,2024-12-01,2024-12,2024-12-31,2024,12,31,,,,,False,48.774193548387096,47.7,31,True,189647,207106,396753,True,11,900.0,True,False,100.0,True,2.268413849422689,,,,False,False,False,REVIEW,DIAGNOSIS_DATA_MISSING
51,ลำพูน,Lamphun,2025-01-01,2025-01,2025-01-31,2025,1,31,59642.0,11289.0,10241.0,8.0,True,38.54,39.1,15,True,188407,206537,394944,True,11,900.0,True,True,48.38709677419355,True,2.278804083616918,1411.125,,,False,False,False,REVIEW,PM25_COVERAGE_BELOW_75_PCT
51,ลำพูน,Lamphun,2025-02-01,2025-02,2025-02-28,2025,2,28,54991.0,10943.0,9896.0,8.0,True,33.839285714285715,33.475,28,True,188407,206537,394944,True,11,900.0,True,True,100.0,True,2.278804083616918,1367.875,8.0,0.0,False,False,True,PASS,
51,ลำพูน,Lamphun,2025-03-01,2025-03,2025-03-31,2025,3,31,55268.0,9340.0,8340.0,8.0,True,65.45161290322581,61.2,31,True,188407,206537,394944,True,11,900.0,True,True,100.0,True,2.278804083616918,1167.5,8.0,0.0,False,False,True,PASS,
51,ลำพูน,Lamphun,2025-04-01,2025-04,2025-04-30,2025,4,30,49341.0,6826.0,5886.0,8.0,True,34.40833333333333,34.275,30,True,188407,206537,394944,True,11,900.0,True,True,100.0,True,2.278804083616918,853.25,8.0,0.0,False,True,False,REVIEW,DIAGTYPE_POLICY_REVIEW_PERIOD
51,ลำพูน,Lamphun,2025-05-01,2025-05,2025-05-31,2025,5,31,48121.0,6256.0,5461.0,8.0,True,15.053387096774195,13.15,31,True,188407,206537,394944,True,11,900.0,True,True,100.0,True,2.278804083616918,782.0,8.0,0.0,False,True,False,REVIEW,DIAGTYPE_POLICY_REVIEW_PERIOD
51,ลำพูน,Lamphun,2025-06-01,2025-06,2025-06-30,2025,6,30,48815.0,7952.0,6980.0,10.0,True,12.350166666666667,11.7,30,True,188407,206537,394944,True,11,900.0,True,True,100.0,True,2.278804083616918,795.2,8.0,25.0,True,True,False,REVIEW,DIAGTYPE_POLICY_REVIEW_PERIOD;REPORTING_FACILITY_COUNT_CHANGED_OVER_20_PCT
51,ลำพูน,Lamphun,2025-07-01,2025-07,2025-07-31,2025,7,31,35448.0,4589.0,3973.0,8.0,True,14.135,13.665,31,True,188407,206537,394944,True,11,900.0,True,True,100.0,True,2.278804083616918,573.625,10.0,-20.0,False,True,False,REVIEW,DIAGTYPE_POLICY_REVIEW_PERIOD
51,ลำพูน,Lamphun,2025-08-01,2025-08,2025-08-31,2025,8,31,24506.0,3011.0,2651.0,8.0,True,11.411935483870968,9.58,31,True,188407,206537,394944,True,11,900.0,True,True,100.0,True,2.278804083616918,376.375,8.0,0.0,False,True,False,REVIEW,DIAGTYPE_POLICY_REVIEW_PERIOD
51,ลำพูน,Lamphun,2025-09-01,2025-09,2025-09-30,2025,9,30,31206.0,5295.0,4747.0,8.0,True,11.463666666666667,9.82,30,True,188407,206537,394944,True,11,900.0,True,True,100.0,True,2.278804083616918,661.875,8.0,0.0,False,True,False,REVIEW,DIAGTYPE_POLICY_REVIEW_PERIOD
51,ลำพูน,Lamphun,2025-10-01,2025-10,2025-10-31,2025,10,31,42610.0,6900.0,6162.0,8.0,True,19.127903225806453,21.5,31,True,188407,206537,394944,True,11,900.0,True,True,100.0,True,2.278804083616918,862.5,8.0,0.0,False,True,False,REVIEW,DIAGTYPE_POLICY_REVIEW_PERIOD
51,ลำพูน,Lamphun,2025-11-01,2025-11,2025-11-30,2025,11,30,48400.0,9006.0,8239.0,8.0,True,19.066379310344825,17.9,29,True,188407,206537,394944,True,11,900.0,True,True,96.66666666666667,True,2.278804083616918,1125.75,8.0,0.0,False,True,False,REVIEW,DIAGTYPE_POLICY_REVIEW_PERIOD
51,ลำพูน,Lamphun,2025-12-01,2025-12,2025-12-31,2025,12,31,26441.0,5321.0,4858.0,8.0,True,35.05483870967742,34.25,31,True,188407,206537,394944,True,11,900.0,True,True,100.0,True,2.278804083616918,665.125,8.0,0.0,False,True,False,REVIEW,DIAGTYPE_POLICY_REVIEW_PERIOD
52,ลำปาง,Lampang,2023-01-01,2023-01,2023-01-31,2023,1,31,21036.0,3542.0,2550.0,1.0,True,26.60478260869565,21.0,23,True,345539,365939,711478,True,17,1628.0,True,True,74.19354838709677,True,2.2881944346838554,3542.0,,,False,False,False,REVIEW,PM25_COVERAGE_BELOW_75_PCT
52,ลำปาง,Lampang,2023-02-01,2023-02,2023-02-28,2023,2,28,20054.0,3080.0,2238.0,1.0,True,117.35,117.35,2,True,345539,365939,711478,True,17,1628.0,True,True,7.142857142857143,True,2.2881944346838554,3080.0,1.0,0.0,False,False,False,REVIEW,PM25_COVERAGE_BELOW_75_PCT
52,ลำปาง,Lampang,2023-03-01,2023-03,2023-03-31,2023,3,31,22235.0,3233.0,2302.0,1.0,True,69.11111111111111,75.7,9,True,345539,365939,711478,True,17,1628.0,True,True,29.032258064516128,True,2.2881944346838554,3233.0,1.0,0.0,False,False,False,REVIEW,PM25_COVERAGE_BELOW_75_PCT
52,ลำปาง,Lampang,2023-04-01,2023-04,2023-04-30,2023,4,30,14572.0,2251.0,1596.0,1.0,True,78.98947368421052,76.0,19,True,345539,365939,711478,True,17,1628.0,True,True,63.333333333333336,True,2.2881944346838554,2251.0,1.0,0.0,False,False,False,REVIEW,PM25_COVERAGE_BELOW_75_PCT
52,ลำปาง,Lampang,2023-05-01,2023-05,2023-05-31,2023,5,31,21048.0,3739.0,2853.0,1.0,True,31.446666666666665,30.75,15,True,345539,365939,711478,True,17,1628.0,True,True,48.38709677419355,True,2.2881944346838554,3739.0,1.0,0.0,False,False,False,REVIEW,PM25_COVERAGE_BELOW_75_PCT
52,ลำปาง,Lampang,2023-06-01,2023-06,2023-06-30,2023,6,30,22653.0,4223.0,3097.0,1.0,True,13.739090909090908,12.915,11,True,345539,365939,711478,True,17,1628.0,True,True,36.666666666666664,True,2.2881944346838554,4223.0,1.0,0.0,False,False,False,REVIEW,PM25_COVERAGE_BELOW_75_PCT
52,ลำปาง,Lampang,2023-07-01,2023-07,2023-07-31,2023,7,31,19771.0,3290.0,2191.0,1.0,True,7.041125,8.82,16,True,345539,365939,711478,True,17,1628.0,True,True,51.61290322580645,True,2.2881944346838554,3290.0,1.0,0.0,False,False,False,REVIEW,PM25_COVERAGE_BELOW_75_PCT
52,ลำปาง,Lampang,2023-08-01,2023-08,2023-08-31,2023,8,31,18936.0,3022.0,2228.0,1.0,True,11.315483870967741,10.9,31,True,345539,365939,711478,True,17,1628.0,True,True,100.0,True,2.2881944346838554,3022.0,1.0,0.0,False,False,True,PASS,
52,ลำปาง,Lampang,2023-09-01,2023-09,2023-09-30,2023,9,30,17666.0,3753.0,2857.0,1.0,True,7.8066071428571435,4.915,28,True,345539,365939,711478,True,17,1628.0,True,True,93.33333333333333,True,2.2881944346838554,3753.0,1.0,0.0,False,False,True,PASS,
52,ลำปาง,Lampang,2023-10-01,2023-10,2023-10-31,2023,10,31,23265.0,5073.0,3988.0,1.0,True,12.706451612903225,12.0,31,True,345539,365939,711478,True,17,1628.0,True,True,100.0,True,2.2881944346838554,5073.0,1.0,0.0,False,False,True,PASS,
52,ลำปาง,Lampang,2023-11-01,2023-11,2023-11-30,2023,11,30,23059.0,5285.0,4004.0,1.0,True,24.96551724137931,24.0,29,True,345539,365939,711478,True,17,1628.0,True,True,96.66666666666667,True,2.2881944346838554,5285.0,1.0,0.0,False,False,True,PASS,
52,ลำปาง,Lampang,2023-12-01,2023-12,2023-12-31,2023,12,31,20087.0,4339.0,3317.0,1.0,True,37.3,35.0,30,True,345539,365939,711478,True,17,1628.0,True,True,96.7741935483871,True,2.2881944346838554,4339.0,1.0,0.0,False,False,True,PASS,
52,ลำปาง,Lampang,2024-01-01,2024-01,2024-01-31,2024,1,31,22629.0,4495.0,3242.0,1.0,True,33.79838709677419,33.75,31,True,341663,362463,704126,True,17,1628.0,True,True,100.0,True,2.312086189119561,4495.0,1.0,0.0,False,False,True,PASS,
52,ลำปาง,Lampang,2024-02-01,2024-02,2024-02-29,2024,2,29,20861.0,3706.0,2655.0,1.0,True,46.353846153846156,48.324999999999996,26,True,341663,362463,704126,True,17,1628.0,True,True,89.65517241379311,True,2.312086189119561,3706.0,1.0,0.0,False,False,True,PASS,
52,ลำปาง,Lampang,2024-03-01,2024-03,2024-03-31,2024,3,31,,,,,False,80.92758620689655,60.349999999999994,29,True,341663,362463,704126,True,17,1628.0,True,False,93.54838709677419,True,2.312086189119561,,1.0,,False,False,False,REVIEW,DIAGNOSIS_DATA_MISSING
52,ลำปาง,Lampang,2024-04-01,2024-04,2024-04-30,2024,4,30,,,,,False,63.45166666666667,59.075,30,True,341663,362463,704126,True,17,1628.0,True,False,100.0,True,2.312086189119561,,,,False,False,False,REVIEW,DIAGNOSIS_DATA_MISSING
52,ลำปาง,Lampang,2024-05-01,2024-05,2024-05-31,2024,5,31,,,,,False,26.649677419354838,17.1,31,True,341663,362463,704126,True,17,1628.0,True,False,100.0,True,2.312086189119561,,,,False,False,False,REVIEW,DIAGNOSIS_DATA_MISSING
52,ลำปาง,Lampang,2024-06-01,2024-06,2024-06-30,2024,6,30,,,,,False,8.575166666666666,8.625,30,True,341663,362463,704126,True,17,1628.0,True,False,100.0,True,2.312086189119561,,,,False,False,False,REVIEW,DIAGNOSIS_DATA_MISSING
52,ลำปาง,Lampang,2024-07-01,2024-07,2024-07-31,2024,7,31,,,,,False,8.059032258064516,7.775,31,True,341663,362463,704126,True,17,1628.0,True,False,100.0,True,2.312086189119561,,,,False,False,False,REVIEW,DIAGNOSIS_DATA_MISSING
52,ลำปาง,Lampang,2024-08-01,2024-08,2024-08-31,2024,8,31,,,,,False,7.174166666666666,7.1925,30,True,341663,362463,704126,True,17,1628.0,True,False,96.7741935483871,True,2.312086189119561,,,,False,False,False,REVIEW,DIAGNOSIS_DATA_MISSING
52,ลำปาง,Lampang,2024-09-01,2024-09,2024-09-30,2024,9,30,,,,,False,8.692499999999999,8.8825,28,True,341663,362463,704126,True,17,1628.0,True,False,93.33333333333333,True,2.312086189119561,,,,False,False,False,REVIEW,DIAGNOSIS_DATA_MISSING
52,ลำปาง,Lampang,2024-10-01,2024-10,2024-10-31,2024,10,31,,,,,False,22.32709677419355,23.05,31,True,341663,362463,704126,True,17,1628.0,True,False,100.0,True,2.312086189119561,,,,False,False,False,REVIEW,DIAGNOSIS_DATA_MISSING
52,ลำปาง,Lampang,2024-11-01,2024-11,2024-11-30,2024,11,30,,,,,False,27.543333333333333,27.85,30,True,341663,362463,704126,True,17,1628.0,True,False,100.0,True,2.312086189119561,,,,False,False,False,REVIEW,DIAGNOSIS_DATA_MISSING
52,ลำปาง,Lampang,2024-12-01,2024-12,2024-12-31,2024,12,31,,,,,False,35.921129032258065,37.8,31,True,341663,362463,704126,True,17,1628.0,True,False,100.0,True,2.312086189119561,,,,False,False,False,REVIEW,DIAGNOSIS_DATA_MISSING
52,ลำปาง,Lampang,2025-01-01,2025-01,2025-01-31,2025,1,31,91341.0,17578.0,14221.0,13.0,True,43.08888888888889,42.375,18,True,337970,359709,697679,True,17,1628.0,True,True,58.064516129032256,True,2.33345134366951,1352.1538461538462,,,False,False,False,REVIEW,PM25_COVERAGE_BELOW_75_PCT
52,ลำปาง,Lampang,2025-02-01,2025-02,2025-02-28,2025,2,28,63146.0,10465.0,8557.0,13.0,True,40.278571428571425,39.625,28,True,337970,359709,697679,True,17,1628.0,True,True,100.0,True,2.33345134366951,805.0,13.0,0.0,False,False,True,PASS,
52,ลำปาง,Lampang,2025-03-01,2025-03,2025-03-31,2025,3,31,64013.0,9416.0,7346.0,13.0,True,63.26129032258064,55.6,31,True,337970,359709,697679,True,17,1628.0,True,True,100.0,True,2.33345134366951,724.3076923076923,13.0,0.0,False,False,True,PASS,
52,ลำปาง,Lampang,2025-04-01,2025-04,2025-04-30,2025,4,30,55713.0,7155.0,5537.0,13.0,True,28.909666666666666,25.35,30,True,337970,359709,697679,True,17,1628.0,True,True,100.0,True,2.33345134366951,550.3846153846154,13.0,0.0,False,True,False,REVIEW,DIAGTYPE_POLICY_REVIEW_PERIOD
52,ลำปาง,Lampang,2025-05-01,2025-05,2025-05-31,2025,5,31,56051.0,6999.0,5470.0,12.0,True,12.16741935483871,9.98,31,True,337970,359709,697679,True,17,1628.0,True,True,100.0,True,2.33345134366951,583.25,13.0,-7.6923076923076925,False,True,False,REVIEW,DIAGTYPE_POLICY_REVIEW_PERIOD
52,ลำปาง,Lampang,2025-06-01,2025-06,2025-06-30,2025,6,30,47275.0,7215.0,5796.0,11.0,True,9.349,7.9125,30,True,337970,359709,697679,True,17,1628.0,True,True,100.0,True,2.33345134366951,655.9090909090909,12.0,-8.333333333333334,False,True,False,REVIEW,DIAGTYPE_POLICY_REVIEW_PERIOD
52,ลำปาง,Lampang,2025-07-01,2025-07,2025-07-31,2025,7,31,42655.0,5864.0,4560.0,10.0,True,7.899645161290323,6.63,31,True,337970,359709,697679,True,17,1628.0,True,True,100.0,True,2.33345134366951,586.4,11.0,-9.090909090909092,False,True,False,REVIEW,DIAGTYPE_POLICY_REVIEW_PERIOD
52,ลำปาง,Lampang,2025-08-01,2025-08,2025-08-31,2025,8,31,37968.0,5301.0,4194.0,9.0,True,7.3825806451612905,5.835,31,True,337970,359709,697679,True,17,1628.0,True,True,100.0,True,2.33345134366951,589.0,10.0,-10.0,False,True,False,REVIEW,DIAGTYPE_POLICY_REVIEW_PERIOD
52,ลำปาง,Lampang,2025-09-01,2025-09,2025-09-30,2025,9,30,36188.0,5464.0,4396.0,9.0,True,7.544666666666667,7.4325,30,True,337970,359709,697679,True,17,1628.0,True,True,100.0,True,2.33345134366951,607.1111111111111,9.0,0.0,False,True,False,REVIEW,DIAGTYPE_POLICY_REVIEW_PERIOD
52,ลำปาง,Lampang,2025-10-01,2025-10,2025-10-31,2025,10,31,32433.0,4627.0,3723.0,8.0,True,16.188225806451612,17.1,31,True,337970,359709,697679,True,17,1628.0,True,True,100.0,True,2.33345134366951,578.375,9.0,-11.11111111111111,False,True,False,REVIEW,DIAGTYPE_POLICY_REVIEW_PERIOD
52,ลำปาง,Lampang,2025-11-01,2025-11,2025-11-30,2025,11,30,25974.0,3442.0,2792.0,8.0,True,13.143793103448276,12.6,29,True,337970,359709,697679,True,17,1628.0,True,True,96.66666666666667,True,2.33345134366951,430.25,8.0,0.0,False,True,False,REVIEW,DIAGTYPE_POLICY_REVIEW_PERIOD
52,ลำปาง,Lampang,2025-12-01,2025-12,2025-12-31,2025,12,31,15188.0,2400.0,1922.0,8.0,True,26.309677419354838,26.1,31,True,337970,359709,697679,True,17,1628.0,True,True,100.0,True,2.33345134366951,300.0,8.0,0.0,False,True,False,REVIEW,DIAGTYPE_POLICY_REVIEW_PERIOD
54,แพร่,Phrae,2023-01-01,2023-01,2023-01-31,2023,1,31,,,,,False,36.62826086956522,36.0,23,True,204787,221544,426331,True,10,879.0,True,False,74.19354838709677,True,2.0617782896388017,,,,False,False,False,REVIEW,DIAGNOSIS_DATA_MISSING;PM25_COVERAGE_BELOW_75_PCT
54,แพร่,Phrae,2023-02-01,2023-02,2023-02-28,2023,2,28,,,,,False,74.375,74.375,2,True,204787,221544,426331,True,10,879.0,True,False,7.142857142857143,True,2.0617782896388017,,,,False,False,False,REVIEW,DIAGNOSIS_DATA_MISSING;PM25_COVERAGE_BELOW_75_PCT
54,แพร่,Phrae,2023-03-01,2023-03,2023-03-31,2023,3,31,,,,,False,65.87222222222222,62.1,9,True,204787,221544,426331,True,10,879.0,True,False,29.032258064516128,True,2.0617782896388017,,,,False,False,False,REVIEW,DIAGNOSIS_DATA_MISSING;PM25_COVERAGE_BELOW_75_PCT
54,แพร่,Phrae,2023-04-01,2023-04,2023-04-30,2023,4,30,,,,,False,68.76315789473684,69.75,19,True,204787,221544,426331,True,10,879.0,True,False,63.333333333333336,True,2.0617782896388017,,,,False,False,False,REVIEW,DIAGNOSIS_DATA_MISSING;PM25_COVERAGE_BELOW_75_PCT
54,แพร่,Phrae,2023-05-01,2023-05,2023-05-31,2023,5,31,,,,,False,35.86,37.3,15,True,204787,221544,426331,True,10,879.0,True,False,48.38709677419355,True,2.0617782896388017,,,,False,False,False,REVIEW,DIAGNOSIS_DATA_MISSING;PM25_COVERAGE_BELOW_75_PCT
54,แพร่,Phrae,2023-06-01,2023-06,2023-06-30,2023,6,30,,,,,False,14.446363636363635,13.9,11,True,204787,221544,426331,True,10,879.0,True,False,36.666666666666664,True,2.0617782896388017,,,,False,False,False,REVIEW,DIAGNOSIS_DATA_MISSING;PM25_COVERAGE_BELOW_75_PCT
54,แพร่,Phrae,2023-07-01,2023-07,2023-07-31,2023,7,31,,,,,False,12.195,11.05,5,True,204787,221544,426331,True,10,879.0,True,False,16.129032258064516,True,2.0617782896388017,,,,False,False,False,REVIEW,DIAGNOSIS_DATA_MISSING;PM25_COVERAGE_BELOW_75_PCT
54,แพร่,Phrae,2023-08-01,2023-08,2023-08-31,2023,8,31,,,,,False,17.483333333333334,17.45,3,True,204787,221544,426331,True,10,879.0,True,False,9.67741935483871,True,2.0617782896388017,,,,False,False,False,REVIEW,DIAGNOSIS_DATA_MISSING;PM25_COVERAGE_BELOW_75_PCT
54,แพร่,Phrae,2023-09-01,2023-09,2023-09-30,2023,9,30,,,,,False,10.241666666666667,10.35,3,True,204787,221544,426331,True,10,879.0,True,False,10.0,True,2.0617782896388017,,,,False,False,False,REVIEW,DIAGNOSIS_DATA_MISSING;PM25_COVERAGE_BELOW_75_PCT
54,แพร่,Phrae,2023-10-01,2023-10,2023-10-31,2023,10,31,,,,,False,,,0,True,204787,221544,426331,True,10,879.0,True,False,0.0,True,2.0617782896388017,,,,False,False,False,REVIEW,DIAGNOSIS_DATA_MISSING;PM25_COVERAGE_BELOW_75_PCT
54,แพร่,Phrae,2023-11-01,2023-11,2023-11-30,2023,11,30,,,,,False,,,0,True,204787,221544,426331,True,10,879.0,True,False,0.0,True,2.0617782896388017,,,,False,False,False,REVIEW,DIAGNOSIS_DATA_MISSING;PM25_COVERAGE_BELOW_75_PCT
54,แพร่,Phrae,2023-12-01,2023-12,2023-12-31,2023,12,31,,,,,False,,,0,True,204787,221544,426331,True,10,879.0,True,False,0.0,True,2.0617782896388017,,,,False,False,False,REVIEW,DIAGNOSIS_DATA_MISSING;PM25_COVERAGE_BELOW_75_PCT
54,แพร่,Phrae,2024-01-01,2024-01,2024-01-31,2024,1,31,,,,,False,34.94782608695652,33.900000000000006,23,True,202378,219367,421745,True,10,879.0,True,False,74.19354838709677,True,2.084197797247152,,,,False,False,False,REVIEW,DIAGNOSIS_DATA_MISSING;PM25_COVERAGE_BELOW_75_PCT
54,แพร่,Phrae,2024-02-01,2024-02,2024-02-29,2024,2,29,,,,,False,47.630434782608695,46.900000000000006,23,True,202378,219367,421745,True,10,879.0,True,False,79.3103448275862,True,2.084197797247152,,,,False,False,False,REVIEW,DIAGNOSIS_DATA_MISSING
54,แพร่,Phrae,2024-03-01,2024-03,2024-03-31,2024,3,31,,,,,False,55.65,50.675,20,True,202378,219367,421745,True,10,879.0,True,False,64.51612903225806,True,2.084197797247152,,,,False,False,False,REVIEW,DIAGNOSIS_DATA_MISSING;PM25_COVERAGE_BELOW_75_PCT
54,แพร่,Phrae,2024-04-01,2024-04,2024-04-30,2024,4,30,,,,,False,61.31896551724138,57.3,29,True,202378,219367,421745,True,10,879.0,True,False,96.66666666666667,True,2.084197797247152,,,,False,False,False,REVIEW,DIAGNOSIS_DATA_MISSING
54,แพร่,Phrae,2024-05-01,2024-05,2024-05-31,2024,5,31,,,,,False,27.848709677419354,21.0,31,True,202378,219367,421745,True,10,879.0,True,False,100.0,True,2.084197797247152,,,,False,False,False,REVIEW,DIAGNOSIS_DATA_MISSING
54,แพร่,Phrae,2024-06-01,2024-06,2024-06-30,2024,6,30,,,,,False,10.08,9.75,29,True,202378,219367,421745,True,10,879.0,True,False,96.66666666666667,True,2.084197797247152,,,,False,False,False,REVIEW,DIAGNOSIS_DATA_MISSING
54,แพร่,Phrae,2024-07-01,2024-07,2024-07-31,2024,7,31,,,,,False,9.622619047619047,8.93,21,True,202378,219367,421745,True,10,879.0,True,False,67.74193548387096,True,2.084197797247152,,,,False,False,False,REVIEW,DIAGNOSIS_DATA_MISSING;PM25_COVERAGE_BELOW_75_PCT
54,แพร่,Phrae,2024-08-01,2024-08,2024-08-31,2024,8,31,,,,,False,9.007380952380952,9.1,21,True,202378,219367,421745,True,10,879.0,True,False,67.74193548387096,True,2.084197797247152,,,,False,False,False,REVIEW,DIAGNOSIS_DATA_MISSING;PM25_COVERAGE_BELOW_75_PCT
54,แพร่,Phrae,2024-09-01,2024-09,2024-09-30,2024,9,30,,,,,False,10.641428571428573,9.97,7,True,202378,219367,421745,True,10,879.0,True,False,23.333333333333332,True,2.084197797247152,,,,False,False,False,REVIEW,DIAGNOSIS_DATA_MISSING;PM25_COVERAGE_BELOW_75_PCT
54,แพร่,Phrae,2024-10-01,2024-10,2024-10-31,2024,10,31,,,,,False,19.736666666666668,18.375,12,True,202378,219367,421745,True,10,879.0,True,False,38.70967741935484,True,2.084197797247152,,,,False,False,False,REVIEW,DIAGNOSIS_DATA_MISSING;PM25_COVERAGE_BELOW_75_PCT
54,แพร่,Phrae,2024-11-01,2024-11,2024-11-30,2024,11,30,,,,,False,17.3375,19.15,4,True,202378,219367,421745,True,10,879.0,True,False,13.333333333333334,True,2.084197797247152,,,,False,False,False,REVIEW,DIAGNOSIS_DATA_MISSING;PM25_COVERAGE_BELOW_75_PCT
54,แพร่,Phrae,2024-12-01,2024-12,2024-12-31,2024,12,31,,,,,False,0.0,0.0,11,True,202378,219367,421745,True,10,879.0,True,False,35.483870967741936,True,2.084197797247152,,,,False,False,False,REVIEW,DIAGNOSIS_DATA_MISSING;PM25_COVERAGE_BELOW_75_PCT
54,แพร่,Phrae,2025-01-01,2025-01,2025-01-31,2025,1,31,62852.0,9381.0,7188.0,8.0,True,16.27,0.0,15,True,200080,217400,417480,True,10,879.0,True,True,48.38709677419355,True,2.1054900833572865,1172.625,,,False,False,False,REVIEW,PM25_COVERAGE_BELOW_75_PCT
54,แพร่,Phrae,2025-02-01,2025-02,2025-02-28,2025,2,28,57396.0,8642.0,6659.0,8.0,True,41.598214285714285,43.725,28,True,200080,217400,417480,True,10,879.0,True,True,100.0,True,2.1054900833572865,1080.25,8.0,0.0,False,False,True,PASS,
54,แพร่,Phrae,2025-03-01,2025-03,2025-03-31,2025,3,31,55190.0,7536.0,5556.0,8.0,True,50.46551724137931,48.6,29,True,200080,217400,417480,True,10,879.0,True,True,93.54838709677419,True,2.1054900833572865,942.0,8.0,0.0,False,False,True,PASS,
54,แพร่,Phrae,2025-04-01,2025-04,2025-04-30,2025,4,30,43819.0,5671.0,4133.0,7.0,True,28.09978260869565,24.6,23,True,200080,217400,417480,True,10,879.0,True,True,76.66666666666667,True,2.1054900833572865,810.1428571428571,8.0,-12.5,False,True,False,REVIEW,DIAGTYPE_POLICY_REVIEW_PERIOD
54,แพร่,Phrae,2025-05-01,2025-05,2025-05-31,2025,5,31,46694.0,6169.0,4572.0,7.0,True,13.911956521739128,12.6,23,True,200080,217400,417480,True,10,879.0,True,True,74.19354838709677,True,2.1054900833572865,881.2857142857143,7.0,0.0,False,True,False,REVIEW,PM25_COVERAGE_BELOW_75_PCT;DIAGTYPE_POLICY_REVIEW_PERIOD
54,แพร่,Phrae,2025-06-01,2025-06,2025-06-30,2025,6,30,47983.0,7785.0,5999.0,8.0,True,12.811499999999999,11.475000000000001,30,True,200080,217400,417480,True,10,879.0,True,True,100.0,True,2.1054900833572865,973.125,7.0,14.285714285714286,False,True,False,REVIEW,DIAGTYPE_POLICY_REVIEW_PERIOD
54,แพร่,Phrae,2025-07-01,2025-07,2025-07-31,2025,7,31,45428.0,6011.0,4323.0,8.0,True,,,0,True,200080,217400,417480,True,10,879.0,True,True,0.0,True,2.1054900833572865,751.375,8.0,0.0,False,True,False,REVIEW,PM25_COVERAGE_BELOW_75_PCT;DIAGTYPE_POLICY_REVIEW_PERIOD
54,แพร่,Phrae,2025-08-01,2025-08,2025-08-31,2025,8,31,42746.0,5574.0,4016.0,8.0,True,8.589,8.715,10,True,200080,217400,417480,True,10,879.0,True,True,32.25806451612903,True,2.1054900833572865,696.75,8.0,0.0,False,True,False,REVIEW,PM25_COVERAGE_BELOW_75_PCT;DIAGTYPE_POLICY_REVIEW_PERIOD
54,แพร่,Phrae,2025-09-01,2025-09,2025-09-30,2025,9,30,43052.0,6114.0,4612.0,8.0,True,8.416896551724138,8.285,29,True,200080,217400,417480,True,10,879.0,True,True,96.66666666666667,True,2.1054900833572865,764.25,8.0,0.0,False,True,False,REVIEW,DIAGTYPE_POLICY_REVIEW_PERIOD
54,แพร่,Phrae,2025-10-01,2025-10,2025-10-31,2025,10,31,50211.0,7668.0,5860.0,8.0,True,7.5183928571428575,7.5024999999999995,28,True,200080,217400,417480,True,10,879.0,True,True,90.3225806451613,True,2.1054900833572865,958.5,8.0,0.0,False,True,False,REVIEW,DIAGTYPE_POLICY_REVIEW_PERIOD
54,แพร่,Phrae,2025-11-01,2025-11,2025-11-30,2025,11,30,56534.0,9872.0,7751.0,8.0,True,9.67858620689655,5.45,29,True,200080,217400,417480,True,10,879.0,True,True,96.66666666666667,True,2.1054900833572865,1234.0,8.0,0.0,False,True,False,REVIEW,DIAGTYPE_POLICY_REVIEW_PERIOD
54,แพร่,Phrae,2025-12-01,2025-12,2025-12-31,2025,12,31,21385.0,3505.0,2600.0,6.0,True,21.63725806451613,21.15,31,True,200080,217400,417480,True,10,879.0,True,True,100.0,True,2.1054900833572865,584.1666666666666,8.0,-25.0,True,True,False,REVIEW,DIAGTYPE_POLICY_REVIEW_PERIOD;REPORTING_FACILITY_COUNT_CHANGED_OVER_20_PCT
55,น่าน,Nan,2023-01-01,2023-01,2023-01-31,2023,1,31,,,,,False,42.85217391304348,42.8,23,True,236008,236714,472722,True,16,1038.0,True,False,74.19354838709677,True,2.195793722314595,,,,False,False,False,REVIEW,DIAGNOSIS_DATA_MISSING;PM25_COVERAGE_BELOW_75_PCT
55,น่าน,Nan,2023-02-01,2023-02,2023-02-28,2023,2,28,,,,,False,69.6,69.6,1,True,236008,236714,472722,True,16,1038.0,True,False,3.5714285714285716,True,2.195793722314595,,,,False,False,False,REVIEW,DIAGNOSIS_DATA_MISSING;PM25_COVERAGE_BELOW_75_PCT
55,น่าน,Nan,2023-03-01,2023-03,2023-03-31,2023,3,31,,,,,False,123.61111111111111,126.0,9,True,236008,236714,472722,True,16,1038.0,True,False,29.032258064516128,True,2.195793722314595,,,,False,False,False,REVIEW,DIAGNOSIS_DATA_MISSING;PM25_COVERAGE_BELOW_75_PCT
55,น่าน,Nan,2023-04-01,2023-04,2023-04-30,2023,4,30,,,,,False,112.60625,100.3,16,True,236008,236714,472722,True,16,1038.0,True,False,53.333333333333336,True,2.195793722314595,,,,False,False,False,REVIEW,DIAGNOSIS_DATA_MISSING;PM25_COVERAGE_BELOW_75_PCT
55,น่าน,Nan,2023-05-01,2023-05,2023-05-31,2023,5,31,,,,,False,46.333333333333336,45.6,15,True,236008,236714,472722,True,16,1038.0,True,False,48.38709677419355,True,2.195793722314595,,,,False,False,False,REVIEW,DIAGNOSIS_DATA_MISSING;PM25_COVERAGE_BELOW_75_PCT
55,น่าน,Nan,2023-06-01,2023-06,2023-06-30,2023,6,30,,,,,False,19.208333333333332,19.700000000000003,12,True,236008,236714,472722,True,16,1038.0,True,False,40.0,True,2.195793722314595,,,,False,False,False,REVIEW,DIAGNOSIS_DATA_MISSING;PM25_COVERAGE_BELOW_75_PCT
55,น่าน,Nan,2023-07-01,2023-07,2023-07-31,2023,7,31,,,,,False,16.366666666666667,16.1,3,True,236008,236714,472722,True,16,1038.0,True,False,9.67741935483871,True,2.195793722314595,,,,False,False,False,REVIEW,DIAGNOSIS_DATA_MISSING;PM25_COVERAGE_BELOW_75_PCT
55,น่าน,Nan,2023-08-01,2023-08,2023-08-31,2023,8,31,,,,,False,20.5,20.5,2,True,236008,236714,472722,True,16,1038.0,True,False,6.451612903225806,True,2.195793722314595,,,,False,False,False,REVIEW,DIAGNOSIS_DATA_MISSING;PM25_COVERAGE_BELOW_75_PCT
55,น่าน,Nan,2023-09-01,2023-09,2023-09-30,2023,9,30,,,,,False,12.533333333333333,11.4,3,True,236008,236714,472722,True,16,1038.0,True,False,10.0,True,2.195793722314595,,,,False,False,False,REVIEW,DIAGNOSIS_DATA_MISSING;PM25_COVERAGE_BELOW_75_PCT
55,น่าน,Nan,2023-10-01,2023-10,2023-10-31,2023,10,31,,,,,False,,,0,True,236008,236714,472722,True,16,1038.0,True,False,0.0,True,2.195793722314595,,,,False,False,False,REVIEW,DIAGNOSIS_DATA_MISSING;PM25_COVERAGE_BELOW_75_PCT
55,น่าน,Nan,2023-11-01,2023-11,2023-11-30,2023,11,30,,,,,False,,,0,True,236008,236714,472722,True,16,1038.0,True,False,0.0,True,2.195793722314595,,,,False,False,False,REVIEW,DIAGNOSIS_DATA_MISSING;PM25_COVERAGE_BELOW_75_PCT
55,น่าน,Nan,2023-12-01,2023-12,2023-12-31,2023,12,31,,,,,False,,,0,True,236008,236714,472722,True,16,1038.0,True,False,0.0,True,2.195793722314595,,,,False,False,False,REVIEW,DIAGNOSIS_DATA_MISSING;PM25_COVERAGE_BELOW_75_PCT
55,น่าน,Nan,2024-01-01,2024-01,2024-01-31,2024,1,31,,,,,False,34.35,33.2,22,True,234647,235860,470507,True,16,1038.0,True,False,70.96774193548387,True,2.2061308333351044,,,,False,False,False,REVIEW,DIAGNOSIS_DATA_MISSING;PM25_COVERAGE_BELOW_75_PCT
55,น่าน,Nan,2024-02-01,2024-02,2024-02-29,2024,2,29,,,,,False,53.438095238095244,54.1,21,True,234647,235860,470507,True,16,1038.0,True,False,72.41379310344827,True,2.2061308333351044,,,,False,False,False,REVIEW,DIAGNOSIS_DATA_MISSING;PM25_COVERAGE_BELOW_75_PCT
55,น่าน,Nan,2024-03-01,2024-03,2024-03-31,2024,3,31,,,,,False,66.24736842105263,65.3,19,True,234647,235860,470507,True,16,1038.0,True,False,61.29032258064516,True,2.2061308333351044,,,,False,False,False,REVIEW,DIAGNOSIS_DATA_MISSING;PM25_COVERAGE_BELOW_75_PCT
55,น่าน,Nan,2024-04-01,2024-04,2024-04-30,2024,4,30,,,,,False,75.62068965517241,73.2,29,True,234647,235860,470507,True,16,1038.0,True,False,96.66666666666667,True,2.2061308333351044,,,,False,False,False,REVIEW,DIAGNOSIS_DATA_MISSING
55,น่าน,Nan,2024-05-01,2024-05,2024-05-31,2024,5,31,,,,,False,36.39646666666667,28.65,30,True,234647,235860,470507,True,16,1038.0,True,False,96.7741935483871,True,2.2061308333351044,,,,False,False,False,REVIEW,DIAGNOSIS_DATA_MISSING
55,น่าน,Nan,2024-06-01,2024-06,2024-06-30,2024,6,30,,,,,False,10.982333333333333,10.1125,30,True,234647,235860,470507,True,16,1038.0,True,False,100.0,True,2.2061308333351044,,,,False,False,False,REVIEW,DIAGNOSIS_DATA_MISSING
55,น่าน,Nan,2024-07-01,2024-07,2024-07-31,2024,7,31,,,,,False,9.696129032258064,8.62,31,True,234647,235860,470507,True,16,1038.0,True,False,100.0,True,2.2061308333351044,,,,False,False,False,REVIEW,DIAGNOSIS_DATA_MISSING
55,น่าน,Nan,2024-08-01,2024-08,2024-08-31,2024,8,31,,,,,False,11.117983333333333,10.399999999999999,30,True,234647,235860,470507,True,16,1038.0,True,False,96.7741935483871,True,2.2061308333351044,,,,False,False,False,REVIEW,DIAGNOSIS_DATA_MISSING
55,น่าน,Nan,2024-09-01,2024-09,2024-09-30,2024,9,30,,,,,False,23.095,25.4225,28,True,234647,235860,470507,True,16,1038.0,True,False,93.33333333333333,True,2.2061308333351044,,,,False,False,False,REVIEW,DIAGNOSIS_DATA_MISSING
55,น่าน,Nan,2024-10-01,2024-10,2024-10-31,2024,10,31,,,,,False,25.338387096774195,24.4,31,True,234647,235860,470507,True,16,1038.0,True,False,100.0,True,2.2061308333351044,,,,False,False,False,REVIEW,DIAGNOSIS_DATA_MISSING
55,น่าน,Nan,2024-11-01,2024-11,2024-11-30,2024,11,30,,,,,False,25.190166666666666,25.700000000000003,30,True,234647,235860,470507,True,16,1038.0,True,False,100.0,True,2.2061308333351044,,,,False,False,False,REVIEW,DIAGNOSIS_DATA_MISSING
55,น่าน,Nan,2024-12-01,2024-12,2024-12-31,2024,12,31,,,,,False,28.570645161290322,30.35,31,True,234647,235860,470507,True,16,1038.0,True,False,100.0,True,2.2061308333351044,,,,False,False,False,REVIEW,DIAGNOSIS_DATA_MISSING
55,น่าน,Nan,2025-01-01,2025-01,2025-01-31,2025,1,31,22815.0,4915.0,3991.0,13.0,True,44.906666666666666,44.2,15,True,233287,235081,468368,True,16,1038.0,True,True,48.38709677419355,True,2.2162060601919857,378.0769230769231,,,False,False,False,REVIEW,PM25_COVERAGE_BELOW_75_PCT
55,น่าน,Nan,2025-02-01,2025-02,2025-02-28,2025,2,28,35884.0,8449.0,6924.0,15.0,True,46.37964285714286,49.15,28,True,233287,235081,468368,True,16,1038.0,True,True,100.0,True,2.2162060601919857,563.2666666666667,13.0,15.384615384615385,False,False,True,PASS,
55,น่าน,Nan,2025-03-01,2025-03,2025-03-31,2025,3,31,41800.0,8171.0,6426.0,15.0,True,71.78387096774195,63.1,31,True,233287,235081,468368,True,16,1038.0,True,True,100.0,True,2.2162060601919857,544.7333333333333,15.0,0.0,False,False,True,PASS,
55,น่าน,Nan,2025-04-01,2025-04,2025-04-30,2025,4,30,43049.0,6816.0,4842.0,14.0,True,37.678666666666665,32.525,30,True,233287,235081,468368,True,16,1038.0,True,True,100.0,True,2.2162060601919857,486.85714285714283,15.0,-6.666666666666667,False,True,False,REVIEW,DIAGTYPE_POLICY_REVIEW_PERIOD
55,น่าน,Nan,2025-05-01,2025-05,2025-05-31,2025,5,31,40785.0,5771.0,4183.0,14.0,True,18.17774193548387,16.6,31,True,233287,235081,468368,True,16,1038.0,True,True,100.0,True,2.2162060601919857,412.2142857142857,14.0,0.0,False,True,False,REVIEW,DIAGTYPE_POLICY_REVIEW_PERIOD
55,น่าน,Nan,2025-06-01,2025-06,2025-06-30,2025,6,30,29976.0,4779.0,3522.0,12.0,True,10.226166666666668,8.485,30,True,233287,235081,468368,True,16,1038.0,True,True,100.0,True,2.2162060601919857,398.25,14.0,-14.285714285714286,False,True,False,REVIEW,DIAGTYPE_POLICY_REVIEW_PERIOD
55,น่าน,Nan,2025-07-01,2025-07,2025-07-31,2025,7,31,25532.0,3673.0,2630.0,11.0,True,6.941258064516129,6.98,31,True,233287,235081,468368,True,16,1038.0,True,True,100.0,True,2.2162060601919857,333.90909090909093,12.0,-8.333333333333334,False,True,False,REVIEW,DIAGTYPE_POLICY_REVIEW_PERIOD
55,น่าน,Nan,2025-08-01,2025-08,2025-08-31,2025,8,31,20239.0,2883.0,2123.0,10.0,True,8.02016129032258,7.95,31,True,233287,235081,468368,True,16,1038.0,True,True,100.0,True,2.2162060601919857,288.3,11.0,-9.090909090909092,False,True,False,REVIEW,DIAGTYPE_POLICY_REVIEW_PERIOD
55,น่าน,Nan,2025-09-01,2025-09,2025-09-30,2025,9,30,23199.0,3813.0,2765.0,10.0,True,6.732833333333333,6.625,30,True,233287,235081,468368,True,16,1038.0,True,True,100.0,True,2.2162060601919857,381.3,10.0,0.0,False,True,False,REVIEW,DIAGTYPE_POLICY_REVIEW_PERIOD
55,น่าน,Nan,2025-10-01,2025-10,2025-10-31,2025,10,31,25257.0,4375.0,3381.0,11.0,True,9.64806451612903,9.44,31,True,233287,235081,468368,True,16,1038.0,True,True,100.0,True,2.2162060601919857,397.72727272727275,10.0,10.0,False,True,False,REVIEW,DIAGTYPE_POLICY_REVIEW_PERIOD
55,น่าน,Nan,2025-11-01,2025-11,2025-11-30,2025,11,30,20305.0,4040.0,3126.0,11.0,True,14.353103448275862,12.1,29,True,233287,235081,468368,True,16,1038.0,True,True,96.66666666666667,True,2.2162060601919857,367.27272727272725,11.0,0.0,False,True,False,REVIEW,DIAGTYPE_POLICY_REVIEW_PERIOD
55,น่าน,Nan,2025-12-01,2025-12,2025-12-31,2025,12,31,11575.0,2546.0,1905.0,9.0,True,25.364516129032257,26.15,31,True,233287,235081,468368,True,16,1038.0,True,True,100.0,True,2.2162060601919857,282.8888888888889,11.0,-18.181818181818183,False,True,False,REVIEW,DIAGTYPE_POLICY_REVIEW_PERIOD
56,พะเยา,Phayao,2023-01-01,2023-01,2023-01-31,2023,1,31,,,,,False,35.1,36.0,16,True,222408,235879,458287,True,11,969.0,True,False,51.61290322580645,True,2.114395564351596,,,,False,False,False,REVIEW,DIAGNOSIS_DATA_MISSING;PM25_COVERAGE_BELOW_75_PCT
56,พะเยา,Phayao,2023-02-01,2023-02,2023-02-28,2023,2,28,,,,,False,136.0,136.0,1,True,222408,235879,458287,True,11,969.0,True,False,3.5714285714285716,True,2.114395564351596,,,,False,False,False,REVIEW,DIAGNOSIS_DATA_MISSING;PM25_COVERAGE_BELOW_75_PCT
56,พะเยา,Phayao,2023-03-01,2023-03,2023-03-31,2023,3,31,,,,,False,117.66666666666667,139.5,6,True,222408,235879,458287,True,11,969.0,True,False,19.35483870967742,True,2.114395564351596,,,,False,False,False,REVIEW,DIAGNOSIS_DATA_MISSING;PM25_COVERAGE_BELOW_75_PCT
56,พะเยา,Phayao,2023-04-01,2023-04,2023-04-30,2023,4,30,,,,,False,113.47647058823529,108.0,17,True,222408,235879,458287,True,11,969.0,True,False,56.666666666666664,True,2.114395564351596,,,,False,False,False,REVIEW,DIAGNOSIS_DATA_MISSING;PM25_COVERAGE_BELOW_75_PCT
56,พะเยา,Phayao,2023-05-01,2023-05,2023-05-31,2023,5,31,,,,,False,38.800000000000004,36.05,14,True,222408,235879,458287,True,11,969.0,True,False,45.16129032258065,True,2.114395564351596,,,,False,False,False,REVIEW,DIAGNOSIS_DATA_MISSING;PM25_COVERAGE_BELOW_75_PCT
56,พะเยา,Phayao,2023-06-01,2023-06,2023-06-30,2023,6,30,,,,,False,14.17,14.2,11,True,222408,235879,458287,True,11,969.0,True,False,36.666666666666664,True,2.114395564351596,,,,False,False,False,REVIEW,DIAGNOSIS_DATA_MISSING;PM25_COVERAGE_BELOW_75_PCT
56,พะเยา,Phayao,2023-07-01,2023-07,2023-07-31,2023,7,31,,,,,False,10.343333333333334,10.2,3,True,222408,235879,458287,True,11,969.0,True,False,9.67741935483871,True,2.114395564351596,,,,False,False,False,REVIEW,DIAGNOSIS_DATA_MISSING;PM25_COVERAGE_BELOW_75_PCT
56,พะเยา,Phayao,2023-08-01,2023-08,2023-08-31,2023,8,31,,,,,False,13.850000000000001,13.850000000000001,2,True,222408,235879,458287,True,11,969.0,True,False,6.451612903225806,True,2.114395564351596,,,,False,False,False,REVIEW,DIAGNOSIS_DATA_MISSING;PM25_COVERAGE_BELOW_75_PCT
56,พะเยา,Phayao,2023-09-01,2023-09,2023-09-30,2023,9,30,,,,,False,9.566666666666668,8.69,3,True,222408,235879,458287,True,11,969.0,True,False,10.0,True,2.114395564351596,,,,False,False,False,REVIEW,DIAGNOSIS_DATA_MISSING;PM25_COVERAGE_BELOW_75_PCT
56,พะเยา,Phayao,2023-10-01,2023-10,2023-10-31,2023,10,31,,,,,False,,,0,True,222408,235879,458287,True,11,969.0,True,False,0.0,True,2.114395564351596,,,,False,False,False,REVIEW,DIAGNOSIS_DATA_MISSING;PM25_COVERAGE_BELOW_75_PCT
56,พะเยา,Phayao,2023-11-01,2023-11,2023-11-30,2023,11,30,,,,,False,,,0,True,222408,235879,458287,True,11,969.0,True,False,0.0,True,2.114395564351596,,,,False,False,False,REVIEW,DIAGNOSIS_DATA_MISSING;PM25_COVERAGE_BELOW_75_PCT
56,พะเยา,Phayao,2023-12-01,2023-12,2023-12-31,2023,12,31,,,,,False,,,0,True,222408,235879,458287,True,11,969.0,True,False,0.0,True,2.114395564351596,,,,False,False,False,REVIEW,DIAGNOSIS_DATA_MISSING;PM25_COVERAGE_BELOW_75_PCT
56,พะเยา,Phayao,2024-01-01,2024-01,2024-01-31,2024,1,31,,,,,False,29.761111111111113,29.200000000000003,18,True,220378,234386,454764,True,11,969.0,True,False,58.064516129032256,True,2.13077552312848,,,,False,False,False,REVIEW,DIAGNOSIS_DATA_MISSING;PM25_COVERAGE_BELOW_75_PCT
56,พะเยา,Phayao,2024-02-01,2024-02,2024-02-29,2024,2,29,,,,,False,53.00909090909091,55.3,22,True,220378,234386,454764,True,11,969.0,True,False,75.86206896551724,True,2.13077552312848,,,,False,False,False,REVIEW,DIAGNOSIS_DATA_MISSING
56,พะเยา,Phayao,2024-03-01,2024-03,2024-03-31,2024,3,31,,,,,False,67.98888888888888,61.35,18,True,220378,234386,454764,True,11,969.0,True,False,58.064516129032256,True,2.13077552312848,,,,False,False,False,REVIEW,DIAGNOSIS_DATA_MISSING;PM25_COVERAGE_BELOW_75_PCT
56,พะเยา,Phayao,2024-04-01,2024-04,2024-04-30,2024,4,30,,,,,False,73.95714285714287,71.5,28,True,220378,234386,454764,True,11,969.0,True,False,93.33333333333333,True,2.13077552312848,,,,False,False,False,REVIEW,DIAGNOSIS_DATA_MISSING
56,พะเยา,Phayao,2024-05-01,2024-05,2024-05-31,2024,5,31,,,,,False,34.76769230769231,19.25,26,True,220378,234386,454764,True,11,969.0,True,False,83.87096774193549,True,2.13077552312848,,,,False,False,False,REVIEW,DIAGNOSIS_DATA_MISSING
56,พะเยา,Phayao,2024-06-01,2024-06,2024-06-30,2024,6,30,,,,,False,10.08607142857143,9.18,28,True,220378,234386,454764,True,11,969.0,True,False,93.33333333333333,True,2.13077552312848,,,,False,False,False,REVIEW,DIAGNOSIS_DATA_MISSING
56,พะเยา,Phayao,2024-07-01,2024-07,2024-07-31,2024,7,31,,,,,False,8.83842105263158,8.1,19,True,220378,234386,454764,True,11,969.0,True,False,61.29032258064516,True,2.13077552312848,,,,False,False,False,REVIEW,DIAGNOSIS_DATA_MISSING;PM25_COVERAGE_BELOW_75_PCT
56,พะเยา,Phayao,2024-08-01,2024-08,2024-08-31,2024,8,31,,,,,False,8.622222222222222,8.45,18,True,220378,234386,454764,True,11,969.0,True,False,58.064516129032256,True,2.13077552312848,,,,False,False,False,REVIEW,DIAGNOSIS_DATA_MISSING;PM25_COVERAGE_BELOW_75_PCT
56,พะเยา,Phayao,2024-09-01,2024-09,2024-09-30,2024,9,30,,,,,False,10.026,10.6,5,True,220378,234386,454764,True,11,969.0,True,False,16.666666666666668,True,2.13077552312848,,,,False,False,False,REVIEW,DIAGNOSIS_DATA_MISSING;PM25_COVERAGE_BELOW_75_PCT
56,พะเยา,Phayao,2024-10-01,2024-10,2024-10-31,2024,10,31,,,,,False,15.15,15.15,2,True,220378,234386,454764,True,11,969.0,True,False,6.451612903225806,True,2.13077552312848,,,,False,False,False,REVIEW,DIAGNOSIS_DATA_MISSING;PM25_COVERAGE_BELOW_75_PCT
56,พะเยา,Phayao,2024-11-01,2024-11,2024-11-30,2024,11,30,,,,,False,17.900000000000002,19.4,3,True,220378,234386,454764,True,11,969.0,True,False,10.0,True,2.13077552312848,,,,False,False,False,REVIEW,DIAGNOSIS_DATA_MISSING;PM25_COVERAGE_BELOW_75_PCT
56,พะเยา,Phayao,2024-12-01,2024-12,2024-12-31,2024,12,31,,,,,False,,,0,True,220378,234386,454764,True,11,969.0,True,False,0.0,True,2.13077552312848,,,,False,False,False,REVIEW,DIAGNOSIS_DATA_MISSING;PM25_COVERAGE_BELOW_75_PCT
56,พะเยา,Phayao,2025-01-01,2025-01,2025-01-31,2025,1,31,58017.0,12750.0,10197.0,9.0,True,42.92,46.6,5,True,218714,233250,451964,True,11,969.0,True,True,16.129032258064516,True,2.1439760688904426,1416.6666666666667,,,False,False,False,REVIEW,PM25_COVERAGE_BELOW_75_PCT
56,พะเยา,Phayao,2025-02-01,2025-02,2025-02-28,2025,2,28,55780.0,11384.0,9227.0,9.0,True,42.114285714285714,41.05,28,True,218714,233250,451964,True,11,969.0,True,True,100.0,True,2.1439760688904426,1264.888888888889,9.0,0.0,False,False,True,PASS,
56,พะเยา,Phayao,2025-03-01,2025-03,2025-03-31,2025,3,31,54085.0,8875.0,6870.0,9.0,True,59.864285714285714,53.7,28,True,218714,233250,451964,True,11,969.0,True,True,90.3225806451613,True,2.1439760688904426,986.1111111111111,9.0,0.0,False,False,True,PASS,
56,พะเยา,Phayao,2025-04-01,2025-04,2025-04-30,2025,4,30,45350.0,7557.0,5601.0,9.0,True,31.905714285714286,31.3,21,True,218714,233250,451964,True,11,969.0,True,True,70.0,True,2.1439760688904426,839.6666666666666,9.0,0.0,False,True,False,REVIEW,PM25_COVERAGE_BELOW_75_PCT;DIAGTYPE_POLICY_REVIEW_PERIOD
56,พะเยา,Phayao,2025-05-01,2025-05,2025-05-31,2025,5,31,46358.0,7707.0,5716.0,9.0,True,13.846190476190475,11.5,21,True,218714,233250,451964,True,11,969.0,True,True,67.74193548387096,True,2.1439760688904426,856.3333333333334,9.0,0.0,False,True,False,REVIEW,PM25_COVERAGE_BELOW_75_PCT;DIAGTYPE_POLICY_REVIEW_PERIOD
56,พะเยา,Phayao,2025-06-01,2025-06,2025-06-30,2025,6,30,46522.0,8760.0,6714.0,9.0,True,12.275333333333332,11.0,30,True,218714,233250,451964,True,11,969.0,True,True,100.0,True,2.1439760688904426,973.3333333333334,9.0,0.0,False,True,False,REVIEW,DIAGTYPE_POLICY_REVIEW_PERIOD
56,พะเยา,Phayao,2025-07-01,2025-07,2025-07-31,2025,7,31,47551.0,7534.0,5549.0,9.0,True,,,0,True,218714,233250,451964,True,11,969.0,True,True,0.0,True,2.1439760688904426,837.1111111111111,9.0,0.0,False,True,False,REVIEW,PM25_COVERAGE_BELOW_75_PCT;DIAGTYPE_POLICY_REVIEW_PERIOD
56,พะเยา,Phayao,2025-08-01,2025-08,2025-08-31,2025,8,31,43944.0,7046.0,5067.0,9.0,True,8.143333333333333,8.515,6,True,218714,233250,451964,True,11,969.0,True,True,19.35483870967742,True,2.1439760688904426,782.8888888888889,9.0,0.0,False,True,False,REVIEW,PM25_COVERAGE_BELOW_75_PCT;DIAGTYPE_POLICY_REVIEW_PERIOD
56,พะเยา,Phayao,2025-09-01,2025-09,2025-09-30,2025,9,30,46598.0,7884.0,5803.0,9.0,True,8.384285714285713,8.365,28,True,218714,233250,451964,True,11,969.0,True,True,93.33333333333333,True,2.1439760688904426,876.0,9.0,0.0,False,True,False,REVIEW,DIAGTYPE_POLICY_REVIEW_PERIOD
56,พะเยา,Phayao,2025-10-01,2025-10,2025-10-31,2025,10,31,49116.0,8680.0,6530.0,9.0,True,9.031,8.915,10,True,218714,233250,451964,True,11,969.0,True,True,32.25806451612903,True,2.1439760688904426,964.4444444444445,9.0,0.0,False,True,False,REVIEW,PM25_COVERAGE_BELOW_75_PCT;DIAGTYPE_POLICY_REVIEW_PERIOD
56,พะเยา,Phayao,2025-11-01,2025-11,2025-11-30,2025,11,30,51174.0,10791.0,8723.0,9.0,True,17.555833333333336,17.05,12,True,218714,233250,451964,True,11,969.0,True,True,40.0,True,2.1439760688904426,1199.0,9.0,0.0,False,True,False,REVIEW,PM25_COVERAGE_BELOW_75_PCT;DIAGTYPE_POLICY_REVIEW_PERIOD
56,พะเยา,Phayao,2025-12-01,2025-12,2025-12-31,2025,12,31,26729.0,6736.0,5681.0,9.0,True,22.135483870967743,21.9,31,True,218714,233250,451964,True,11,969.0,True,True,100.0,True,2.1439760688904426,748.4444444444445,9.0,0.0,False,True,False,REVIEW,DIAGTYPE_POLICY_REVIEW_PERIOD
57,เชียงราย,Chiang Rai,2023-01-01,2023-01,2023-01-31,2023,1,31,36034.0,4970.0,4586.0,1.0,True,34.01521739130435,32.65,23,True,629917,669060,1298977,True,26,2609.0,True,True,74.19354838709677,True,2.008503614767621,4970.0,,,False,False,False,REVIEW,PM25_COVERAGE_BELOW_75_PCT
57,เชียงราย,Chiang Rai,2023-02-01,2023-02,2023-02-28,2023,2,28,32585.0,4457.0,4293.0,1.0,True,80.1,80.1,2,True,629917,669060,1298977,True,26,2609.0,True,True,7.142857142857143,True,2.008503614767621,4457.0,1.0,0.0,False,False,False,REVIEW,PM25_COVERAGE_BELOW_75_PCT
57,เชียงราย,Chiang Rai,2023-03-01,2023-03,2023-03-31,2023,3,31,29599.0,3647.0,3602.0,1.0,True,217.93333333333334,228.0,9,True,629917,669060,1298977,True,26,2609.0,True,True,29.032258064516128,True,2.008503614767621,3647.0,1.0,0.0,False,False,False,REVIEW,PM25_COVERAGE_BELOW_75_PCT
57,เชียงราย,Chiang Rai,2023-04-01,2023-04,2023-04-30,2023,4,30,24101.0,3695.0,3398.0,1.0,True,160.43157894736842,165.0,19,True,629917,669060,1298977,True,26,2609.0,True,True,63.333333333333336,True,2.008503614767621,3695.0,1.0,0.0,False,False,False,REVIEW,PM25_COVERAGE_BELOW_75_PCT
57,เชียงราย,Chiang Rai,2023-05-01,2023-05,2023-05-31,2023,5,31,24528.0,4110.0,3807.0,1.0,True,30.81,30.2,15,True,629917,669060,1298977,True,26,2609.0,True,True,48.38709677419355,True,2.008503614767621,4110.0,1.0,0.0,False,False,False,REVIEW,PM25_COVERAGE_BELOW_75_PCT
57,เชียงราย,Chiang Rai,2023-06-01,2023-06,2023-06-30,2023,6,30,25841.0,5314.0,5016.0,1.0,True,16.1985,17.049999999999997,10,True,629917,669060,1298977,True,26,2609.0,True,True,33.333333333333336,True,2.008503614767621,5314.0,1.0,0.0,False,False,False,REVIEW,PM25_COVERAGE_BELOW_75_PCT
57,เชียงราย,Chiang Rai,2023-07-01,2023-07,2023-07-31,2023,7,31,22533.0,4601.0,4442.0,1.0,True,15.23875,15.799999999999999,4,True,629917,669060,1298977,True,26,2609.0,True,True,12.903225806451612,True,2.008503614767621,4601.0,1.0,0.0,False,False,False,REVIEW,PM25_COVERAGE_BELOW_75_PCT
57,เชียงราย,Chiang Rai,2023-08-01,2023-08,2023-08-31,2023,8,31,24280.0,4809.0,4666.0,1.0,True,15.531666666666666,16.3,3,True,629917,669060,1298977,True,26,2609.0,True,True,9.67741935483871,True,2.008503614767621,4809.0,1.0,0.0,False,False,False,REVIEW,PM25_COVERAGE_BELOW_75_PCT
57,เชียงราย,Chiang Rai,2023-09-01,2023-09,2023-09-30,2023,9,30,25493.0,6359.0,6266.0,1.0,True,11.191666666666668,11.7,3,True,629917,669060,1298977,True,26,2609.0,True,True,10.0,True,2.008503614767621,6359.0,1.0,0.0,False,False,False,REVIEW,PM25_COVERAGE_BELOW_75_PCT
57,เชียงราย,Chiang Rai,2023-10-01,2023-10,2023-10-31,2023,10,31,22974.0,4687.0,4637.0,1.0,True,,,0,True,629917,669060,1298977,True,26,2609.0,True,True,0.0,True,2.008503614767621,4687.0,1.0,0.0,False,False,False,REVIEW,PM25_COVERAGE_BELOW_75_PCT
57,เชียงราย,Chiang Rai,2023-11-01,2023-11,2023-11-30,2023,11,30,22219.0,4489.0,4462.0,1.0,True,,,0,True,629917,669060,1298977,True,26,2609.0,True,True,0.0,True,2.008503614767621,4489.0,1.0,0.0,False,False,False,REVIEW,PM25_COVERAGE_BELOW_75_PCT
57,เชียงราย,Chiang Rai,2023-12-01,2023-12,2023-12-31,2023,12,31,18800.0,4748.0,4742.0,1.0,True,,,0,True,629917,669060,1298977,True,26,2609.0,True,True,0.0,True,2.008503614767621,4748.0,1.0,0.0,False,False,False,REVIEW,PM25_COVERAGE_BELOW_75_PCT
57,เชียงราย,Chiang Rai,2024-01-01,2024-01,2024-01-31,2024,1,31,15281.0,4428.0,4428.0,1.0,True,27.59583333333333,29.0,24,True,628811,668846,1297657,True,26,2609.0,True,True,77.41935483870968,True,2.010546700707506,4428.0,1.0,0.0,False,False,True,PASS,
57,เชียงราย,Chiang Rai,2024-02-01,2024-02,2024-02-29,2024,2,29,17198.0,4160.0,4158.0,1.0,True,40.34782608695652,39.7,23,True,628811,668846,1297657,True,26,2609.0,True,True,79.3103448275862,True,2.010546700707506,4160.0,1.0,0.0,False,False,True,PASS,
57,เชียงราย,Chiang Rai,2024-03-01,2024-03,2024-03-31,2024,3,31,,,,,False,74.3275,74.0,20,True,628811,668846,1297657,True,26,2609.0,True,False,64.51612903225806,True,2.010546700707506,,1.0,,False,False,False,REVIEW,DIAGNOSIS_DATA_MISSING;PM25_COVERAGE_BELOW_75_PCT
57,เชียงราย,Chiang Rai,2024-04-01,2024-04,2024-04-30,2024,4,30,,,,,False,88.02586206896552,66.6,29,True,628811,668846,1297657,True,26,2609.0,True,False,96.66666666666667,True,2.010546700707506,,,,False,False,False,REVIEW,DIAGNOSIS_DATA_MISSING
57,เชียงราย,Chiang Rai,2024-05-01,2024-05,2024-05-31,2024,5,31,,,,,False,44.30903225806451,31.0,31,True,628811,668846,1297657,True,26,2609.0,True,False,100.0,True,2.010546700707506,,,,False,False,False,REVIEW,DIAGNOSIS_DATA_MISSING
57,เชียงราย,Chiang Rai,2024-06-01,2024-06,2024-06-30,2024,6,30,,,,,False,11.464166666666667,9.34,30,True,628811,668846,1297657,True,26,2609.0,True,False,100.0,True,2.010546700707506,,,,False,False,False,REVIEW,DIAGNOSIS_DATA_MISSING
57,เชียงราย,Chiang Rai,2024-07-01,2024-07,2024-07-31,2024,7,31,,,,,False,8.56,8.635,31,True,628811,668846,1297657,True,26,2609.0,True,False,100.0,True,2.010546700707506,,,,False,False,False,REVIEW,DIAGNOSIS_DATA_MISSING
57,เชียงราย,Chiang Rai,2024-08-01,2024-08,2024-08-31,2024,8,31,,,,,False,5.0745,4.75,30,True,628811,668846,1297657,True,26,2609.0,True,False,96.7741935483871,True,2.010546700707506,,,,False,False,False,REVIEW,DIAGNOSIS_DATA_MISSING
57,เชียงราย,Chiang Rai,2024-09-01,2024-09,2024-09-30,2024,9,30,,,,,False,10.72232142857143,9.515,28,True,628811,668846,1297657,True,26,2609.0,True,False,93.33333333333333,True,2.010546700707506,,,,False,False,False,REVIEW,DIAGNOSIS_DATA_MISSING
57,เชียงราย,Chiang Rai,2024-10-01,2024-10,2024-10-31,2024,10,31,,,,,False,20.878387096774194,23.6,31,True,628811,668846,1297657,True,26,2609.0,True,False,100.0,True,2.010546700707506,,,,False,False,False,REVIEW,DIAGNOSIS_DATA_MISSING
57,เชียงราย,Chiang Rai,2024-11-01,2024-11,2024-11-30,2024,11,30,,,,,False,26.68616666666667,29.45,30,True,628811,668846,1297657,True,26,2609.0,True,False,100.0,True,2.010546700707506,,,,False,False,False,REVIEW,DIAGNOSIS_DATA_MISSING
57,เชียงราย,Chiang Rai,2024-12-01,2024-12,2024-12-31,2024,12,31,,,,,False,33.042741935483875,35.1,31,True,628811,668846,1297657,True,26,2609.0,True,False,100.0,True,2.010546700707506,,,,False,False,False,REVIEW,DIAGNOSIS_DATA_MISSING
57,เชียงราย,Chiang Rai,2025-01-01,2025-01,2025-01-31,2025,1,31,166115.0,34251.0,30638.0,19.0,True,35.86333333333334,34.25,15,True,627342,668580,1295922,True,26,2609.0,True,True,48.38709677419355,True,2.0132384510796175,1802.6842105263158,,,False,False,False,REVIEW,PM25_COVERAGE_BELOW_75_PCT
57,เชียงราย,Chiang Rai,2025-02-01,2025-02,2025-02-28,2025,2,28,153440.0,33078.0,29810.0,19.0,True,34.88035714285714,34.9,28,True,627342,668580,1295922,True,26,2609.0,True,True,100.0,True,2.0132384510796175,1740.9473684210527,19.0,0.0,False,False,True,PASS,
57,เชียงราย,Chiang Rai,2025-03-01,2025-03,2025-03-31,2025,3,31,149295.0,24269.0,21044.0,19.0,True,61.998387096774195,57.2,31,True,627342,668580,1295922,True,26,2609.0,True,True,100.0,True,2.0132384510796175,1277.3157894736842,19.0,0.0,False,False,True,PASS,
57,เชียงราย,Chiang Rai,2025-04-01,2025-04,2025-04-30,2025,4,30,121572.0,16534.0,15028.0,19.0,True,48.60086956521739,50.9,23,True,627342,668580,1295922,True,26,2609.0,True,True,76.66666666666667,True,2.0132384510796175,870.2105263157895,19.0,0.0,False,True,False,REVIEW,DIAGTYPE_POLICY_REVIEW_PERIOD
57,เชียงราย,Chiang Rai,2025-05-01,2025-05,2025-05-31,2025,5,31,128655.0,16546.0,15108.0,19.0,True,12.371875000000001,8.115,24,True,627342,668580,1295922,True,26,2609.0,True,True,77.41935483870968,True,2.0132384510796175,870.8421052631579,19.0,0.0,False,True,False,REVIEW,DIAGTYPE_POLICY_REVIEW_PERIOD
57,เชียงราย,Chiang Rai,2025-06-01,2025-06,2025-06-30,2025,6,30,125849.0,19806.0,18162.0,19.0,True,10.815333333333333,8.835,30,True,627342,668580,1295922,True,26,2609.0,True,True,100.0,True,2.0132384510796175,1042.421052631579,19.0,0.0,False,True,False,REVIEW,DIAGTYPE_POLICY_REVIEW_PERIOD
57,เชียงราย,Chiang Rai,2025-07-01,2025-07,2025-07-31,2025,7,31,124141.0,16201.0,14504.0,17.0,True,6.71574193548387,5.59,31,True,627342,668580,1295922,True,26,2609.0,True,True,100.0,True,2.0132384510796175,953.0,19.0,-10.526315789473685,False,True,False,REVIEW,DIAGTYPE_POLICY_REVIEW_PERIOD
57,เชียงราย,Chiang Rai,2025-08-01,2025-08,2025-08-31,2025,8,31,111032.0,13877.0,12454.0,16.0,True,9.214677419354837,8.51,31,True,627342,668580,1295922,True,26,2609.0,True,True,100.0,True,2.0132384510796175,867.3125,17.0,-5.882352941176471,False,True,False,REVIEW,DIAGTYPE_POLICY_REVIEW_PERIOD
57,เชียงราย,Chiang Rai,2025-09-01,2025-09,2025-09-30,2025,9,30,113822.0,15316.0,13906.0,15.0,True,9.849,8.399999999999999,30,True,627342,668580,1295922,True,26,2609.0,True,True,100.0,True,2.0132384510796175,1021.0666666666667,16.0,-6.25,False,True,False,REVIEW,DIAGTYPE_POLICY_REVIEW_PERIOD
57,เชียงราย,Chiang Rai,2025-10-01,2025-10,2025-10-31,2025,10,31,127200.0,17666.0,16313.0,16.0,True,14.916451612903225,14.1,31,True,627342,668580,1295922,True,26,2609.0,True,True,100.0,True,2.0132384510796175,1104.125,15.0,6.666666666666667,False,True,False,REVIEW,DIAGTYPE_POLICY_REVIEW_PERIOD
57,เชียงราย,Chiang Rai,2025-11-01,2025-11,2025-11-30,2025,11,30,116367.0,20911.0,19479.0,16.0,True,17.114827586206896,17.75,29,True,627342,668580,1295922,True,26,2609.0,True,True,96.66666666666667,True,2.0132384510796175,1306.9375,16.0,0.0,False,True,False,REVIEW,DIAGTYPE_POLICY_REVIEW_PERIOD
57,เชียงราย,Chiang Rai,2025-12-01,2025-12,2025-12-31,2025,12,31,52657.0,9963.0,9255.0,13.0,True,30.049999999999997,29.15,31,True,627342,668580,1295922,True,26,2609.0,True,True,100.0,True,2.0132384510796175,766.3846153846154,16.0,-18.75,False,True,False,REVIEW,DIAGTYPE_POLICY_REVIEW_PERIOD
58,แม่ฮ่องสอน,Mae Hong Son,2023-01-01,2023-01,2023-01-31,2023,1,31,,,,,False,29.96521739130435,26.5,23,True,145500,142144,287644,True,8,543.0,True,False,74.19354838709677,True,1.8877501355842639,,,,False,False,False,REVIEW,DIAGNOSIS_DATA_MISSING;PM25_COVERAGE_BELOW_75_PCT
58,แม่ฮ่องสอน,Mae Hong Son,2023-02-01,2023-02,2023-02-28,2023,2,28,,,,,False,70.2,70.2,2,True,145500,142144,287644,True,8,543.0,True,False,7.142857142857143,True,1.8877501355842639,,,,False,False,False,REVIEW,DIAGNOSIS_DATA_MISSING;PM25_COVERAGE_BELOW_75_PCT
58,แม่ฮ่องสอน,Mae Hong Son,2023-03-01,2023-03,2023-03-31,2023,3,31,,,,,False,250.25,269.0,9,True,145500,142144,287644,True,8,543.0,True,False,29.032258064516128,True,1.8877501355842639,,,,False,False,False,REVIEW,DIAGNOSIS_DATA_MISSING;PM25_COVERAGE_BELOW_75_PCT
58,แม่ฮ่องสอน,Mae Hong Son,2023-04-01,2023-04,2023-04-30,2023,4,30,,,,,False,159.18684210526317,128.0,19,True,145500,142144,287644,True,8,543.0,True,False,63.333333333333336,True,1.8877501355842639,,,,False,False,False,REVIEW,DIAGNOSIS_DATA_MISSING;PM25_COVERAGE_BELOW_75_PCT
58,แม่ฮ่องสอน,Mae Hong Son,2023-05-01,2023-05,2023-05-31,2023,5,31,,,,,False,27.451,28.35,15,True,145500,142144,287644,True,8,543.0,True,False,48.38709677419355,True,1.8877501355842639,,,,False,False,False,REVIEW,DIAGNOSIS_DATA_MISSING;PM25_COVERAGE_BELOW_75_PCT
58,แม่ฮ่องสอน,Mae Hong Son,2023-06-01,2023-06,2023-06-30,2023,6,30,,,,,False,8.742,8.625,10,True,145500,142144,287644,True,8,543.0,True,False,33.333333333333336,True,1.8877501355842639,,,,False,False,False,REVIEW,DIAGNOSIS_DATA_MISSING;PM25_COVERAGE_BELOW_75_PCT
58,แม่ฮ่องสอน,Mae Hong Son,2023-07-01,2023-07,2023-07-31,2023,7,31,,,,,False,12.939375,7.085,16,True,145500,142144,287644,True,8,543.0,True,False,51.61290322580645,True,1.8877501355842639,,,,False,False,False,REVIEW,DIAGNOSIS_DATA_MISSING;PM25_COVERAGE_BELOW_75_PCT
58,แม่ฮ่องสอน,Mae Hong Son,2023-08-01,2023-08,2023-08-31,2023,8,31,,,,,False,38.75387096774194,36.705000000000005,31,True,145500,142144,287644,True,8,543.0,True,False,100.0,True,1.8877501355842639,,,,False,False,False,REVIEW,DIAGNOSIS_DATA_MISSING
58,แม่ฮ่องสอน,Mae Hong Son,2023-09-01,2023-09,2023-09-30,2023,9,30,,,,,False,13.236500000000001,4.85,30,True,145500,142144,287644,True,8,543.0,True,False,100.0,True,1.8877501355842639,,,,False,False,False,REVIEW,DIAGNOSIS_DATA_MISSING
58,แม่ฮ่องสอน,Mae Hong Son,2023-10-01,2023-10,2023-10-31,2023,10,31,,,,,False,8.60741935483871,8.2,31,True,145500,142144,287644,True,8,543.0,True,False,100.0,True,1.8877501355842639,,,,False,False,False,REVIEW,DIAGNOSIS_DATA_MISSING
58,แม่ฮ่องสอน,Mae Hong Son,2023-11-01,2023-11,2023-11-30,2023,11,30,,,,,False,16.763793103448275,16.0,29,True,145500,142144,287644,True,8,543.0,True,False,96.66666666666667,True,1.8877501355842639,,,,False,False,False,REVIEW,DIAGNOSIS_DATA_MISSING
58,แม่ฮ่องสอน,Mae Hong Son,2023-12-01,2023-12,2023-12-31,2023,12,31,,,,,False,37.611666666666665,37.75,30,True,145500,142144,287644,True,8,543.0,True,False,96.7741935483871,True,1.8877501355842639,,,,False,False,False,REVIEW,DIAGNOSIS_DATA_MISSING
58,แม่ฮ่องสอน,Mae Hong Son,2024-01-01,2024-01,2024-01-31,2024,1,31,,,,,False,24.966129032258067,22.7,31,True,145723,142359,288082,True,8,543.0,True,False,100.0,True,1.8848799994446026,,,,False,False,False,REVIEW,DIAGNOSIS_DATA_MISSING
58,แม่ฮ่องสอน,Mae Hong Son,2024-02-01,2024-02,2024-02-29,2024,2,29,,,,,False,46.28076923076923,44.125,26,True,145723,142359,288082,True,8,543.0,True,False,89.65517241379311,True,1.8848799994446026,,,,False,False,False,REVIEW,DIAGNOSIS_DATA_MISSING
58,แม่ฮ่องสอน,Mae Hong Son,2024-03-01,2024-03,2024-03-31,2024,3,31,,,,,False,123.4396551724138,129.0,29,True,145723,142359,288082,True,8,543.0,True,False,93.54838709677419,True,1.8848799994446026,,,,False,False,False,REVIEW,DIAGNOSIS_DATA_MISSING
58,แม่ฮ่องสอน,Mae Hong Son,2024-04-01,2024-04,2024-04-30,2024,4,30,,,,,False,110.54333333333334,93.42500000000001,30,True,145723,142359,288082,True,8,543.0,True,False,100.0,True,1.8848799994446026,,,,False,False,False,REVIEW,DIAGNOSIS_DATA_MISSING
58,แม่ฮ่องสอน,Mae Hong Son,2024-05-01,2024-05,2024-05-31,2024,5,31,,,,,False,33.63967741935484,30.700000000000003,31,True,145723,142359,288082,True,8,543.0,True,False,100.0,True,1.8848799994446026,,,,False,False,False,REVIEW,DIAGNOSIS_DATA_MISSING
58,แม่ฮ่องสอน,Mae Hong Son,2024-06-01,2024-06,2024-06-30,2024,6,30,,,,,False,8.2485,6.035,30,True,145723,142359,288082,True,8,543.0,True,False,100.0,True,1.8848799994446026,,,,False,False,False,REVIEW,DIAGNOSIS_DATA_MISSING
58,แม่ฮ่องสอน,Mae Hong Son,2024-07-01,2024-07,2024-07-31,2024,7,31,,,,,False,4.88241935483871,4.140000000000001,31,True,145723,142359,288082,True,8,543.0,True,False,100.0,True,1.8848799994446026,,,,False,False,False,REVIEW,DIAGNOSIS_DATA_MISSING
58,แม่ฮ่องสอน,Mae Hong Son,2024-08-01,2024-08,2024-08-31,2024,8,31,,,,,False,3.232666666666667,2.735,30,True,145723,142359,288082,True,8,543.0,True,False,96.7741935483871,True,1.8848799994446026,,,,False,False,False,REVIEW,DIAGNOSIS_DATA_MISSING
58,แม่ฮ่องสอน,Mae Hong Son,2024-09-01,2024-09,2024-09-30,2024,9,30,,,,,False,6.678928571428571,4.8,28,True,145723,142359,288082,True,8,543.0,True,False,93.33333333333333,True,1.8848799994446026,,,,False,False,False,REVIEW,DIAGNOSIS_DATA_MISSING
58,แม่ฮ่องสอน,Mae Hong Son,2024-10-01,2024-10,2024-10-31,2024,10,31,,,,,False,14.787903225806453,13.3,31,True,145723,142359,288082,True,8,543.0,True,False,100.0,True,1.8848799994446026,,,,False,False,False,REVIEW,DIAGNOSIS_DATA_MISSING
58,แม่ฮ่องสอน,Mae Hong Son,2024-11-01,2024-11,2024-11-30,2024,11,30,,,,,False,18.86,20.625,30,True,145723,142359,288082,True,8,543.0,True,False,100.0,True,1.8848799994446026,,,,False,False,False,REVIEW,DIAGNOSIS_DATA_MISSING
58,แม่ฮ่องสอน,Mae Hong Son,2024-12-01,2024-12,2024-12-31,2024,12,31,,,,,False,25.15258064516129,27.3,31,True,145723,142359,288082,True,8,543.0,True,False,100.0,True,1.8848799994446026,,,,False,False,False,REVIEW,DIAGNOSIS_DATA_MISSING
58,แม่ฮ่องสอน,Mae Hong Son,2025-01-01,2025-01,2025-01-31,2025,1,31,23580.0,6843.0,5583.0,7.0,True,31.443333333333335,32.0,15,True,145888,142869,288757,True,8,543.0,True,True,48.38709677419355,True,1.880473893273583,977.5714285714286,,,False,False,False,REVIEW,PM25_COVERAGE_BELOW_75_PCT
58,แม่ฮ่องสอน,Mae Hong Son,2025-02-01,2025-02,2025-02-28,2025,2,28,22200.0,6517.0,5397.0,7.0,True,32.167857142857144,31.3,28,True,145888,142869,288757,True,8,543.0,True,True,100.0,True,1.880473893273583,931.0,7.0,0.0,False,False,True,PASS,
58,แม่ฮ่องสอน,Mae Hong Son,2025-03-01,2025-03,2025-03-31,2025,3,31,23010.0,6659.0,5507.0,7.0,True,74.38387096774194,68.35,31,True,145888,142869,288757,True,8,543.0,True,True,100.0,True,1.880473893273583,951.2857142857143,7.0,0.0,False,False,True,PASS,
58,แม่ฮ่องสอน,Mae Hong Son,2025-04-01,2025-04,2025-04-30,2025,4,30,19298.0,4905.0,3946.0,7.0,True,74.44333333333334,67.07499999999999,30,True,145888,142869,288757,True,8,543.0,True,True,100.0,True,1.880473893273583,700.7142857142857,7.0,0.0,False,True,False,REVIEW,DIAGTYPE_POLICY_REVIEW_PERIOD
58,แม่ฮ่องสอน,Mae Hong Son,2025-05-01,2025-05,2025-05-31,2025,5,31,20010.0,4535.0,3597.0,7.0,True,16.261612903225807,8.66,31,True,145888,142869,288757,True,8,543.0,True,True,100.0,True,1.880473893273583,647.8571428571429,7.0,0.0,False,True,False,REVIEW,DIAGTYPE_POLICY_REVIEW_PERIOD
58,แม่ฮ่องสอน,Mae Hong Son,2025-06-01,2025-06,2025-06-30,2025,6,30,21171.0,5785.0,4862.0,7.0,True,6.803333333333333,5.109999999999999,30,True,145888,142869,288757,True,8,543.0,True,True,100.0,True,1.880473893273583,826.4285714285714,7.0,0.0,False,True,False,REVIEW,DIAGTYPE_POLICY_REVIEW_PERIOD
58,แม่ฮ่องสอน,Mae Hong Son,2025-07-01,2025-07,2025-07-31,2025,7,31,17387.0,4144.0,3387.0,7.0,True,5.879048387096774,5.58,31,True,145888,142869,288757,True,8,543.0,True,True,100.0,True,1.880473893273583,592.0,7.0,0.0,False,True,False,REVIEW,DIAGTYPE_POLICY_REVIEW_PERIOD
58,แม่ฮ่องสอน,Mae Hong Son,2025-08-01,2025-08,2025-08-31,2025,8,31,14215.0,3391.0,2721.0,7.0,True,4.981129032258064,4.095,31,True,145888,142869,288757,True,8,543.0,True,True,100.0,True,1.880473893273583,484.42857142857144,7.0,0.0,False,True,False,REVIEW,DIAGTYPE_POLICY_REVIEW_PERIOD
58,แม่ฮ่องสอน,Mae Hong Son,2025-09-01,2025-09,2025-09-30,2025,9,30,17549.0,4773.0,3963.0,7.0,True,4.526333333333333,3.865,30,True,145888,142869,288757,True,8,543.0,True,True,100.0,True,1.880473893273583,681.8571428571429,7.0,0.0,False,True,False,REVIEW,DIAGTYPE_POLICY_REVIEW_PERIOD
58,แม่ฮ่องสอน,Mae Hong Son,2025-10-01,2025-10,2025-10-31,2025,10,31,21162.0,6038.0,5024.0,7.0,True,10.799193548387096,9.795,31,True,145888,142869,288757,True,8,543.0,True,True,100.0,True,1.880473893273583,862.5714285714286,7.0,0.0,False,True,False,REVIEW,DIAGTYPE_POLICY_REVIEW_PERIOD
58,แม่ฮ่องสอน,Mae Hong Son,2025-11-01,2025-11,2025-11-30,2025,11,30,22607.0,7487.0,6367.0,7.0,True,12.14448275862069,9.88,29,True,145888,142869,288757,True,8,543.0,True,True,96.66666666666667,True,1.880473893273583,1069.5714285714287,7.0,0.0,False,True,False,REVIEW,DIAGTYPE_POLICY_REVIEW_PERIOD
58,แม่ฮ่องสอน,Mae Hong Son,2025-12-01,2025-12,2025-12-31,2025,12,31,11267.0,3613.0,3054.0,7.0,True,23.212903225806453,23.55,31,True,145888,142869,288757,True,8,543.0,True,True,100.0,True,1.880473893273583,516.1428571428571,7.0,0.0,False,True,False,REVIEW,DIAGTYPE_POLICY_REVIEW_PERIOD
